user_id,age_range,gender
34944,5,0
252288,3,0
210048,3,1
210048,3,1
210048,3,1
210048,3,1
279168,2,1
279168,2,1
279168,2,1
279168,2,1
279168,2,1
279168,2,1
279168,2,1
279168,2,1
279168,2,1
279168,2,1
279168,2,1
279168,2,1
279168,2,1
279168,2,1
279168,2,1
217728,4,0
285312,0,0
285312,0,0
285312,0,0
349569,4,1
349569,4,1
221313,3,1
176514,4,0
176514,4,0
176514,4,0
68994,4,1
68994,4,1
68994,4,1
68994,4,1
400770,2,0
8322,0,1
8322,0,1
8322,0,1
8322,0,1
356994,4,0
105603,7,1
329859,5,0
94083,3,1
226947,5,1
35460,3,0
371076,6,0
396420,3,0
396420,3,0
155268,0,0
89988,3,1
89988,3,1
89988,3,1
89988,3,1
89988,3,1
188037,8,0
348549,4,0
23430,3,0
97926,0,0
378759,0,0
195207,0,0
203655,6,0
280455,3,0
358791,3,0
358791,3,0
358791,3,0
358791,3,0
358791,3,0
358791,3,0
358791,3,0
358791,3,0
15240,2,1
51081,3,0
51081,3,0
51081,3,0
64905,3,0
393,5,0
139401,0,0
349065,6,0
396426,7,0
408714,3,0
408714,3,0
278154,3,1
414090,5,1
370827,5,0
370827,5,0
255627,3,1
105612,5,0
237708,3,0
59532,5,0
59532,5,0
59532,5,0
211596,6,0
211596,6,0
293004,0,1
99213,4,1
192141,2,0
192141,2,0
157581,2,1
377742,4,0
284046,3,1
222606,0,0
138639,0,0
140175,0,0
278415,3,1
201360,7,1
282000,4,1
231825,0,0
231825,0,0
231825,0,0
231825,0,0
231825,0,0
208017,3,0
209553,3,1
221073,4,1
108690,3,0
383634,5,0
255378,0,0
67986,4,1
213138,3,0
258963,3,0
258963,3,0
181140,2,0
6804,2,1
145812,5,0
218772,5,0
306069,3,0
306069,3,0
277653,3,0
162453,4,0
293781,5,1
293781,5,1
293781,5,1
293781,5,1
293781,5,1
118422,0,0
1686,0,0
229527,3,1
229527,3,1
379287,4,1
94359,5,2
367512,3,1
367512,3,1
367512,3,1
367512,3,1
105624,4,2
140184,0,1
356760,0,0
247449,5,0
48282,4,1
181146,3,1
248730,4,0
323994,6,0
323994,6,0
323994,6,0
350106,4,0
327579,0,0
133275,3,0
344475,4,1
301980,4,0
262044,2,1
283548,6,1
283548,6,1
283548,6,1
283548,6,1
283548,6,1
283548,6,1
283548,6,1
39069,5,0
39069,5,0
205725,0,0
413853,0,0
296862,2,0
243102,6,0
40095,0,1
325791,3,0
197535,6,0
61344,3,1
392352,0,0
392352,0,0
392352,0,0
392352,0,0
326817,2,1
326817,2,1
326817,2,1
326817,2,1
326817,2,1
326817,2,1
326817,2,1
395682,5,0
4770,6,0
19362,0,0
323235,6,0
330147,3,0
161187,5,1
161187,5,1
161187,5,1
168612,3,0
301476,4,0
53412,4,0
53412,4,0
224676,6,0
165285,7,0
165285,7,0
165285,7,0
165285,7,0
51621,3,0
51621,3,0
56229,6,0
234918,3,1
307878,0,1
307878,0,1
22182,3,2
66471,0,0
66471,0,0
11943,0,0
11943,0,0
11943,0,0
11943,0,0
11943,0,0
269481,5,0
11433,0,0
11433,0,0
11433,0,0
11433,0,0
11433,0,0
87465,4,0
354729,0,0
150186,6,0
286890,6,0
91818,3,0
91818,3,0
394668,4,0
394668,4,0
36525,4,0
36525,4,0
36525,4,0
36525,4,0
36525,4,0
29613,2,1
29613,2,1
29613,2,1
29613,2,1
29613,2,1
29613,2,1
97197,3,1
97197,3,1
97197,3,1
97197,3,1
362670,2,0
102318,3,0
282798,2,0
420783,4,1
228015,2,0
323760,0,0
323760,0,0
323760,0,0
271536,5,0
156336,3,0
304305,6,0
370353,5,1
404145,2,1
404145,2,1
404145,2,1
404145,2,1
306354,3,1
392370,3,1
392370,3,1
261810,3,0
77490,6,0
77490,6,0
77490,6,0
278706,2,0
211635,3,1
314037,6,0
135093,2,1
135093,2,1
142005,3,1
143541,3,0
143541,3,0
143541,3,0
143541,3,0
38838,0,0
174006,3,0
403638,5,1
150198,3,0
419766,3,0
146103,5,1
295608,3,1
59832,0,0
135096,3,0
15288,4,0
19128,6,0
19128,6,0
19128,6,0
19128,6,0
19128,6,0
289464,3,0
378297,4,0
93369,3,0
31929,6,0
31929,6,0
31929,6,0
31929,6,0
31929,6,0
31929,6,0
37818,4,1
37818,4,1
37818,4,1
386490,3,1
386490,3,1
103611,6,0
103611,6,0
103611,6,0
103611,6,0
307899,0,1
307899,0,1
307899,0,1
307899,0,1
307899,0,1
307899,0,1
178875,6,1
320187,3,0
320187,3,0
320187,3,0
320187,3,0
699,6,0
80571,5,1
286395,2,2
286395,2,2
299964,5,0
391356,6,0
78012,0,0
78012,0,0
78012,0,0
82620,2,2
302781,3,1
237501,0,1
237501,0,1
237501,0,1
404925,4,0
419517,3,0
419517,3,0
188862,8,0
144831,3,0
163263,6,0
373440,0,0
375744,4,1
375744,4,1
101313,4,1
36033,5,0
79809,4,1
28353,5,2
28353,5,2
28353,5,2
28353,5,2
28353,5,2
28353,5,2
28353,5,2
28353,5,2
68034,0,0
211650,2,0
295107,4,2
169923,3,0
169923,3,0
169923,3,0
139971,2,1
97731,6,0
41412,3,2
238788,2,1
238788,2,1
238788,2,1
238788,2,1
238788,2,1
56004,6,0
161220,0,0
173253,4,0
181701,3,1
203205,6,1
203205,6,1
203205,6,1
203205,6,1
203205,6,1
77253,5,0
293829,4,0
232134,3,0
136902,3,1
136902,3,1
96966,3,1
96966,3,1
96966,3,1
293574,6,0
293574,6,0
293574,6,0
293574,6,0
293574,6,0
293574,6,0
367815,3,0
40647,0,1
40647,0,1
40647,0,1
40647,0,1
40647,0,1
40647,0,1
40647,0,1
40647,0,1
16071,3,0
299208,3,1
315336,7,1
86472,0,1
259017,4,1
90825,4,0
247242,4,1
339402,3,1
339402,3,1
339402,3,1
91338,6,0
209355,0,2
209355,0,2
180684,2,0
180684,2,0
197580,0,0
214476,3,1
18636,3,0
85452,4,0
7629,0,0
148941,0,0
148941,0,0
148941,0,0
148941,0,0
148941,0,0
220365,3,0
298446,0,0
155598,5,0
155598,5,0
155598,5,0
155598,5,0
318927,6,1
387279,6,0
387279,6,0
387279,6,0
387279,6,0
321999,2,0
196047,3,1
196047,3,1
196047,3,1
333519,3,0
333519,3,0
27087,3,1
104400,4,0
251856,4,0
125136,0,0
152016,6,1
152016,6,1
27600,0,0
239313,3,1
239313,3,1
239313,3,1
239313,3,1
311505,6,0
120273,6,0
324306,4,2
324306,4,2
324306,4,2
324306,4,2
324306,4,2
69330,4,0
69330,4,0
69330,4,0
69330,4,0
69330,4,0
69330,4,0
69330,4,0
69330,4,0
69330,4,0
69330,4,0
69330,4,0
69330,4,0
69330,4,0
69330,4,0
206034,3,1
409299,4,1
282579,0,1
107988,2,0
263124,3,1
355284,3,1
374229,7,1
374229,7,1
374229,7,1
191445,4,0
351189,4,1
101334,0,0
101334,0,0
101334,0,0
101334,0,0
101334,0,0
49110,3,2
116694,3,0
260310,3,0
271062,4,1
389847,6,0
389847,6,0
389847,6,0
389847,6,0
389847,6,0
389847,6,0
389847,6,0
389847,6,0
389847,6,0
406743,3,1
219351,4,0
90327,3,0
355287,0,1
355287,0,1
355287,0,1
355287,0,1
355287,0,1
388824,2,1
325848,6,0
260568,0,0
13272,4,0
13272,4,0
13272,4,0
159192,4,0
159192,4,0
189657,6,0
189657,6,0
189657,6,0
397785,3,0
36570,4,1
373467,4,1
373467,4,1
373467,4,1
373467,4,1
373467,4,1
373467,4,1
373467,4,1
373467,4,1
373467,4,1
373467,4,1
401115,4,1
273627,6,0
423387,3,0
293595,0,0
293595,0,0
293595,0,0
293595,0,0
293595,0,0
293595,0,0
284892,4,1
284892,4,1
319197,2,0
319197,2,0
319197,2,0
319197,2,0
319197,2,0
319197,2,0
319197,2,0
319197,2,0
319197,2,0
319197,2,0
287709,3,0
287709,3,0
287709,3,0
249054,6,0
90846,4,0
96222,4,0
96222,4,0
232671,2,1
232671,2,1
232671,2,1
232671,2,1
232671,2,1
232671,2,1
232671,2,1
232671,2,1
232671,2,1
232671,2,1
267231,0,0
5343,3,1
312288,2,0
324576,3,0
324576,3,0
344544,2,0
232929,7,1
368097,6,0
58593,3,0
33762,3,0
191715,3,0
191715,3,0
191715,3,0
191715,3,0
69603,6,2
69603,6,2
69603,6,2
69603,6,2
69603,6,2
69603,6,2
69603,6,2
69603,6,2
135651,4,0
265188,7,0
414948,0,0
414948,0,0
28644,0,0
367845,3,0
367845,3,0
367845,3,0
183525,4,0
397797,0,0
375270,4,0
375270,4,0
323046,3,0
323046,3,0
395238,2,1
395238,2,1
395238,2,1
395238,2,1
308199,3,0
225255,5,0
384744,0,0
384744,0,0
384744,0,0
384744,0,0
266472,4,0
300777,6,0
300777,6,0
392682,3,0
392682,3,0
392682,3,0
392682,3,0
211434,5,2
173547,3,0
49899,6,0
49899,6,0
181995,6,1
316395,3,0
340971,3,0
262380,6,1
411372,5,0
182253,4,0
182253,4,0
209901,3,0
348141,0,0
348141,0,0
52974,0,0
150510,2,0
353262,5,0
353262,5,0
261615,3,1
5871,3,1
5871,3,1
5871,3,1
202479,3,1
202479,3,1
202479,3,1
202479,3,1
202479,3,1
202479,3,1
202479,3,1
202479,3,1
202479,3,1
202479,3,1
202479,3,1
270063,0,1
270063,0,1
211695,2,0
373488,4,2
262128,2,1
262128,2,1
262128,2,1
401136,3,0
371697,7,0
371697,7,0
371697,7,0
371697,7,0
371697,7,0
390897,6,0
390897,6,0
201714,6,0
201714,6,0
85746,2,1
119283,0,0
194547,4,0
412659,3,1
412659,3,1
158451,3,0
105972,3,0
105972,3,0
105972,3,0
105972,3,0
121332,3,1
121332,3,1
307701,4,1
307701,4,1
187893,7,0
413685,5,0
289269,5,0
307446,0,1
205302,5,1
247287,6,0
51447,5,2
51447,5,2
51447,5,2
51447,5,2
51447,5,2
51447,5,2
51447,5,2
51447,5,2
51447,5,2
118263,6,1
323319,3,0
323319,3,0
390135,0,1
64503,3,0
328695,3,0
328695,3,0
328695,3,0
31479,3,0
31479,3,0
231672,3,0
36600,3,1
114168,0,0
383736,0,0
126456,4,0
242937,4,0
254202,0,1
254202,0,1
254202,0,1
254202,0,1
254202,0,1
254202,0,1
254202,0,1
254202,0,1
69882,0,0
69882,0,0
69882,0,0
102651,4,0
102651,4,0
118779,0,1
123387,6,0
74235,0,0
75003,7,1
75003,7,1
75003,7,1
75003,7,1
75003,7,1
75003,7,1
118524,0,0
392700,3,1
269052,4,1
269052,4,1
269052,4,1
382461,3,1
382461,3,1
382461,3,1
382461,3,1
71421,6,0
334845,3,0
334845,3,0
413181,2,0
352509,3,0
352509,3,0
422397,2,0
422397,2,0
422397,2,0
303870,4,0
310782,4,1
310782,4,1
74238,4,0
416766,3,1
222462,2,1
222462,2,1
222462,2,1
222462,2,1
222462,2,1
222462,2,1
305151,7,0
50943,3,0
316416,6,0
399360,3,1
343296,6,1
20736,4,2
27648,6,1
27648,6,1
33537,7,0
391425,5,0
217857,5,1
217857,5,1
6402,0,1
95490,0,0
95490,0,0
95490,0,0
95490,0,0
95490,0,0
95490,0,0
95490,0,0
231171,4,0
314115,3,0
268035,6,0
268035,6,0
268035,6,0
268035,6,0
268035,6,0
268035,6,0
268035,6,0
268035,6,0
268035,6,0
268035,6,0
268035,6,0
268035,6,0
268035,6,0
339204,6,0
339204,6,0
339204,6,0
419076,0,1
355332,3,2
34566,5,0
239622,2,0
239622,2,0
239622,2,0
239622,2,0
239622,2,0
239622,2,0
239622,2,0
319239,0,0
319239,0,0
319239,0,0
402951,3,1
82695,5,0
34056,4,1
387081,4,0
282378,6,0
226314,0,0
328971,3,0
216843,4,2
109836,4,0
110604,2,1
184332,3,2
320268,4,0
320268,4,0
320268,4,0
320268,4,0
320268,4,0
320268,4,0
320268,4,0
320268,4,0
320268,4,0
320268,4,0
320268,4,0
8460,3,0
136461,4,1
136461,4,1
136461,4,1
136461,4,1
136461,4,1
75021,0,0
343821,6,0
283149,0,0
216846,5,1
90126,5,0
304911,5,2
304911,5,2
304911,5,2
304911,5,2
304911,5,2
304911,5,2
304911,5,2
304911,5,2
304911,5,2
304911,5,2
304911,5,2
304911,5,2
304911,5,2
304911,5,2
304911,5,2
304911,5,2
304911,5,2
304911,5,2
304911,5,2
304911,5,2
304911,5,2
182799,3,1
182799,3,1
261135,4,1
85263,3,0
421647,2,0
421647,2,0
44304,3,0
112656,6,0
249873,3,0
322065,5,0
336657,6,1
282129,0,0
282129,0,0
282129,0,0
282129,0,0
382482,2,0
258066,6,1
258066,6,1
258066,6,1
258066,6,1
258066,6,1
245523,6,0
225555,3,0
293139,0,0
338196,3,1
144660,6,0
290580,2,1
41493,0,0
146709,4,0
177174,0,0
177174,0,0
177174,0,0
422166,0,0
177687,3,0
389655,3,0
389655,3,0
326679,0,1
326679,0,1
326679,0,1
326679,0,1
326679,0,1
326679,0,1
136215,2,0
385560,5,0
202776,3,1
321561,6,0
127257,4,1
28185,6,0
254490,4,1
193818,3,1
411162,0,0
289050,4,0
159258,5,1
159258,5,1
159258,5,1
159258,5,1
160794,4,0
324123,4,1
324123,4,1
324123,4,1
324123,4,1
324123,4,1
324123,4,1
324123,4,1
128028,3,0
99870,4,1
412446,3,0
412446,3,0
412446,3,0
238623,0,0
308511,5,0
381471,3,0
381471,3,0
381471,3,0
381471,3,0
381471,3,0
381471,3,0
1311,4,1
1311,4,1
1311,4,1
333087,2,0
162591,0,0
59424,3,0
193824,6,1
193824,6,1
193824,6,1
131616,0,1
164385,0,1
299553,5,0
37665,3,0
189729,0,0
189729,0,0
189729,0,0
189729,0,0
189729,0,0
189729,0,0
189729,0,0
66849,4,1
315426,4,0
315426,4,0
315426,4,0
419874,2,0
385059,6,1
385059,6,1
385059,6,1
385059,6,1
385059,6,1
385059,6,1
127011,5,1
127011,5,1
127011,5,1
127011,5,1
127011,5,1
127011,5,1
269091,2,0
81699,4,0
304932,5,1
358692,2,0
358692,2,0
358692,2,0
358692,2,0
358692,2,0
358692,2,0
366117,2,1
366117,2,1
244005,0,0
52773,5,1
253989,3,1
253989,3,1
253989,3,1
253989,3,1
203301,5,0
21285,5,0
290853,5,0
291621,0,1
45606,4,0
183078,7,1
183078,7,1
183078,7,1
183078,7,1
183078,7,1
183078,7,1
183078,7,1
183078,7,1
183078,7,1
183078,7,1
358182,5,0
165927,4,0
303399,0,1
303399,0,1
281895,5,0
324393,6,0
342057,5,1
151338,4,1
151338,4,1
89898,4,0
361515,3,1
83499,2,1
220971,0,1
353067,0,0
385068,0,0
340524,0,0
46125,4,2
319533,7,0
319533,7,0
319533,7,0
319533,7,0
319533,7,0
319533,7,0
319533,7,0
319533,7,0
319533,7,0
236334,0,1
313902,3,2
313902,3,2
313902,3,2
313902,3,2
313902,3,2
313902,3,2
313902,3,2
65838,5,0
71982,2,0
152622,3,0
152622,3,0
152622,3,0
303663,0,0
183855,4,0
216879,3,0
216879,3,0
216879,3,0
262704,3,1
330288,5,0
205104,5,0
205104,5,0
205104,5,0
205104,5,0
205104,5,0
292656,0,2
363570,2,1
298290,0,0
307506,6,1
314418,0,0
314418,0,0
314418,0,0
314418,0,0
314418,0,0
226866,2,1
244275,2,0
255027,3,0
190515,5,2
138804,3,0
270900,4,0
270900,4,0
270900,4,0
412212,4,1
85044,3,0
88884,3,0
1845,6,0
1845,6,0
329781,4,0
199221,3,0
47415,4,0
47415,4,0
120375,3,0
186423,0,0
204087,4,0
275511,7,1
28215,4,2
422967,5,0
422967,5,0
363576,5,0
341304,0,0
25656,0,0
27960,6,0
292920,4,0
236601,4,0
184377,0,0
258105,2,1
258105,2,1
258105,2,1
258105,2,1
423225,2,2
32313,4,0
41274,4,0
44346,4,0
328506,0,0
344634,6,1
158778,3,0
158778,3,0
158778,3,0
158778,3,0
158778,3,0
295995,6,0
311355,6,0
392763,2,0
392763,2,0
88635,5,0
230973,3,1
171837,4,2
50493,3,1
50493,3,1
50493,3,1
50493,3,1
60477,4,0
60477,4,0
170814,0,0
170814,0,0
170814,0,0
170814,0,0
170814,0,0
170814,0,0
2622,3,0
7230,4,0
418110,3,1
231999,0,0
231999,0,0
43839,0,0
96831,4,0
399168,4,0
15936,4,0
25920,0,0
25920,0,0
25920,0,0
25920,0,0
25920,0,0
130113,3,0
343617,0,0
343617,0,0
343617,0,0
282945,3,1
139074,0,0
277314,3,0
30786,6,0
379203,2,0
124227,3,0
124227,3,0
124227,3,0
124227,3,0
323139,3,0
201795,3,0
201795,3,0
201795,3,0
99396,0,1
99396,0,1
99396,0,1
112965,4,0
271941,4,0
253254,5,0
280134,3,0
18246,3,0
259143,6,1
196935,3,0
196935,3,0
311112,4,0
411720,3,0
411720,3,0
411720,3,0
115017,4,2
115017,4,2
115017,4,2
115017,4,2
383817,3,1
254025,6,1
362058,3,0
38475,0,1
175692,3,1
175692,3,1
175692,3,1
175692,3,1
380748,3,1
71244,5,0
84300,0,1
84300,0,1
84300,0,1
285516,6,0
285516,6,0
120141,3,1
257613,0,1
11853,3,0
348237,0,0
299598,2,1
299598,2,1
299598,2,1
299598,2,1
299598,2,1
299598,2,1
299598,2,1
299598,2,1
52302,4,0
317262,6,0
126030,6,1
336462,0,0
148302,6,0
148302,6,0
291918,7,0
291918,7,0
326223,0,0
326223,0,0
326223,0,0
326223,0,0
326223,0,0
326223,0,0
405327,2,0
16719,3,1
16719,3,1
16719,3,1
16719,3,1
224079,0,0
224079,0,0
161103,4,0
205392,3,0
30288,4,2
30288,4,2
30288,4,2
30288,4,2
30288,4,2
30288,4,2
30288,4,2
170577,3,0
380241,0,0
69969,3,0
32337,3,2
32337,3,2
187986,7,0
337746,3,0
208722,6,0
400467,0,0
405588,4,0
405588,4,0
405588,4,0
405588,4,0
106581,4,0
42069,4,0
163413,6,0
49494,3,0
180822,6,0
180822,6,0
319062,3,1
326742,4,0
283734,4,0
294486,3,0
98391,0,0
230487,6,0
364119,3,1
246615,3,0
311385,5,0
20313,0,2
361050,4,0
361050,4,0
257370,4,2
258906,2,1
258906,2,1
258906,2,1
258906,2,1
20058,2,0
29274,3,0
131931,2,0
214107,0,0
25947,4,0
169308,6,0
169308,6,0
392796,4,1
134748,2,0
15708,5,0
20316,2,0
95580,6,0
109917,3,1
117597,2,0
117597,2,0
77661,3,0
77661,3,0
366174,0,0
103263,4,0
5472,0,0
271968,3,0
271968,3,0
271968,3,0
271968,3,0
271968,3,0
271968,3,0
117345,4,0
121185,5,0
399201,3,0
109410,0,0
373602,7,2
291426,3,0
98403,8,0
98403,8,0
98403,8,0
98403,8,0
98403,8,0
98403,8,0
98403,8,0
98403,8,0
98403,8,0
98403,8,0
98403,8,0
48483,7,1
48483,7,1
48483,7,1
48483,7,1
48483,7,1
867,3,0
274275,0,0
274275,0,0
27747,4,0
27747,4,0
27747,4,0
27747,4,0
357219,4,0
389220,4,0
80484,0,0
80484,0,0
322917,5,0
21093,6,0
177510,2,0
183654,0,0
183654,0,0
251238,2,0
251238,2,0
251238,2,0
389478,4,1
209766,6,0
83814,3,0
264807,2,0
216423,3,0
216423,3,0
216423,3,0
216423,3,0
216423,3,0
216423,3,0
216423,3,0
216423,3,0
419943,4,2
95079,3,0
170088,3,0
170088,3,0
170088,3,0
271464,3,0
19560,5,0
389481,0,0
3177,5,0
292713,3,0
292713,3,0
32874,3,1
56682,6,0
194922,2,0
194922,2,0
194922,2,0
196458,6,0
196458,6,0
408939,4,2
148332,5,0
389997,2,0
141165,6,0
404589,4,1
221805,0,1
33390,5,0
33390,5,0
33390,5,0
33390,5,0
33390,5,0
33390,5,0
275310,3,2
345198,6,0
163182,0,0
301167,5,0
76911,3,1
146799,6,1
146799,6,1
146799,6,1
146799,6,1
146799,6,1
146799,6,1
146799,6,1
146799,6,1
280431,6,0
420975,7,0
420975,7,0
420975,7,0
420975,7,0
420975,7,0
420975,7,0
420975,7,0
420975,7,0
368496,4,0
51825,5,0
380529,3,1
385137,3,1
385137,3,1
198513,5,0
198513,5,0
198513,5,0
160113,5,1
160113,5,1
160113,5,1
160113,5,1
160113,5,1
160113,5,1
160113,5,1
160113,5,1
160113,5,1
160113,5,1
160113,5,1
160113,5,1
36978,0,2
114546,2,0
391026,3,1
266610,2,0
340338,4,1
340338,4,1
340338,4,1
340338,4,1
340338,4,1
83058,0,0
279666,2,0
23922,0,0
297075,3,1
309363,4,1
280179,3,0
280179,3,0
284787,0,0
379764,4,1
243573,3,0
123765,3,0
198261,3,1
348021,0,1
96117,3,0
4470,2,0
171639,3,0
171639,3,0
312951,5,1
378999,0,0
394359,4,1
394359,4,1
394359,4,1
2679,4,1
2679,4,1
2679,4,1
2679,4,1
2679,4,1
12663,0,0
214647,3,0
33912,4,0
33912,4,0
33912,4,0
99960,6,1
73593,0,0
410745,4,2
410745,4,2
226425,3,0
367482,6,0
367482,6,0
367482,6,0
367482,6,0
177786,7,1
245370,4,0
403578,5,2
403578,5,2
345978,4,0
345978,4,0
281466,3,0
285306,4,0
418938,6,0
257403,0,0
200571,6,0
232572,4,0
232572,4,0
45948,4,1
45948,4,1
45948,4,1
277116,5,0
277116,5,0
36477,5,1
36477,5,1
205437,3,0
40830,2,2
40830,2,2
40830,2,2
40830,2,2
40830,2,2
40830,2,2
315006,2,1
315006,2,1
315006,2,1
315006,2,1
27006,3,0
193407,4,1
198783,3,0
198783,3,0
68991,0,0
236416,0,0
311680,6,0
128896,5,0
65152,3,0
374401,0,1
320641,0,0
77953,3,0
321154,4,0
321154,4,0
63874,2,0
79234,6,0
79234,6,0
79234,6,0
346498,5,0
295555,0,0
33667,3,0
232579,5,1
232579,5,1
387715,6,0
151939,3,0
151939,3,0
151939,3,0
31363,3,0
132484,3,0
145540,4,0
145540,4,0
305797,4,1
176773,3,0
251782,3,0
32134,3,0
419719,4,0
36232,3,0
36232,3,0
36232,3,0
36232,3,0
171400,2,0
303496,4,2
134536,3,0
134536,3,0
134536,3,0
134536,3,0
134536,3,0
172681,6,0
172681,6,0
172681,6,0
172681,6,0
172681,6,0
370825,0,0
370825,0,0
61321,3,0
127369,3,0
127369,3,0
127369,3,0
396937,2,0
256906,6,1
263818,4,0
263818,4,0
263818,4,0
263818,4,0
263818,4,0
263818,4,0
263818,4,0
263818,4,0
263818,4,0
263818,4,0
237451,3,1
237451,3,1
262027,6,0
262027,6,0
262027,6,0
262027,6,0
262027,6,0
262027,6,0
262027,6,0
262027,6,0
262027,6,0
262027,6,0
348043,4,0
292747,4,2
264844,4,0
6796,6,0
34957,0,1
34957,0,1
34957,0,1
34957,0,1
34957,0,1
42637,4,1
251533,3,2
74125,0,0
346765,0,0
305038,2,0
204430,0,2
19342,2,1
19342,2,1
356494,3,0
356494,3,0
291982,3,0
162958,0,0
66703,0,0
66703,0,0
66703,0,0
66703,0,0
227215,4,1
374416,3,1
374416,3,1
184720,4,0
184720,4,0
330640,0,0
418705,0,0
418705,0,0
161425,4,0
161425,4,0
3730,4,0
124819,0,0
398995,4,0
398995,4,0
398995,4,0
398995,4,0
157843,0,0
3220,5,0
358036,0,2
238741,4,0
316309,0,0
316309,0,0
82069,2,0
24469,6,0
221845,6,1
172438,3,0
49558,5,0
379798,2,1
357526,3,0
304279,3,0
212887,5,0
212887,5,0
212887,5,0
212887,5,0
212887,5,0
173464,0,0
299161,6,0
198553,4,1
198553,4,1
198553,4,1
14233,6,0
117658,4,0
117658,4,0
184474,7,0
264346,6,0
397210,6,0
140698,7,1
278170,4,0
278170,4,0
278170,4,0
278170,4,0
278170,4,0
278170,4,0
278170,4,0
278170,4,0
278170,4,0
278170,4,0
278170,4,0
90010,4,1
90010,4,1
90010,4,1
334747,0,0
340381,4,0
340381,4,0
238750,3,1
63646,3,0
63646,3,0
63646,3,0
269470,4,0
246943,2,1
12703,2,0
291487,0,2
160927,3,1
160927,3,1
160927,3,1
306592,4,0
397984,6,0
70816,6,0
257953,5,0
396961,0,0
337825,3,0
337825,3,0
341665,4,1
341665,4,1
419233,3,2
419233,3,2
15778,3,1
31138,7,0
295075,3,0
295075,3,0
295075,3,0
295075,3,0
295075,3,0
106147,6,0
373411,3,0
373411,3,0
182179,3,0
126115,3,2
129955,0,0
175012,2,0
56740,4,1
56740,4,1
56740,4,1
161188,4,0
161188,4,0
161188,4,0
161188,4,0
161188,4,0
161188,4,0
370597,4,1
332197,3,0
332197,3,0
266917,4,2
77989,0,0
82597,5,0
82597,5,0
82597,5,0
82597,5,0
82597,5,0
82597,5,0
82597,5,0
82597,5,0
82597,5,0
299686,2,0
366502,7,0
366502,7,0
366502,7,0
184486,5,0
235687,5,0
235687,5,0
293287,3,0
172456,3,0
233641,3,0
233641,3,0
233641,3,0
371113,3,0
179113,3,0
57769,5,1
262570,6,1
420010,6,0
420010,6,0
420010,6,0
345259,6,0
411307,5,1
226219,4,0
119212,3,0
200620,5,1
200620,5,1
215980,4,0
215980,4,0
215980,4,0
90028,6,1
102061,4,0
195757,6,1
150445,4,1
150445,4,1
150445,4,1
150445,4,1
150445,4,1
91054,0,1
357295,0,0
357295,0,0
357295,0,0
363952,0,0
201904,0,0
201904,0,0
201904,0,0
161713,3,0
240562,4,0
133810,4,1
133810,4,1
133810,4,1
133810,4,1
5554,4,0
207538,4,1
274354,4,0
274354,4,0
274354,4,0
214450,7,0
214450,7,0
49843,0,1
182707,0,0
182707,0,0
182707,0,0
182707,0,0
182707,0,0
182707,0,0
182707,0,0
182707,0,0
182707,0,0
182707,0,0
182707,0,0
182707,0,0
363700,5,0
306100,3,1
375220,3,0
375220,3,0
375220,3,0
375220,3,0
375220,3,0
375220,3,0
375220,3,0
375220,3,0
202420,3,1
273589,3,0
273589,3,0
273589,3,0
215989,3,1
215989,3,1
24757,6,0
365494,2,0
365494,2,0
170422,4,0
406198,5,2
345526,2,0
83638,3,0
236983,3,0
245431,4,2
160951,3,0
332728,5,2
374713,3,0
70585,6,2
140473,4,1
239290,3,0
247738,5,1
247738,5,1
278458,4,0
412858,5,0
390331,3,1
18619,0,0
86971,6,0
86971,6,0
86971,6,0
213436,4,1
282556,3,0
21436,7,1
21436,7,1
21436,7,1
417724,5,0
417724,5,0
417724,5,0
180157,3,1
180157,3,1
283069,4,1
362686,0,0
113086,5,0
93886,4,0
93886,4,0
99007,7,0
99007,7,0
99007,7,0
99007,7,0
59071,3,0
59071,3,0
200383,0,0
203200,0,0
203200,0,0
203200,0,0
411328,2,0
227008,3,0
163264,5,2
163264,5,2
163264,5,2
238018,2,1
74434,4,0
26818,6,0
377539,0,0
381124,2,1
381124,2,1
333508,3,2
273604,2,1
156868,5,0
406981,3,1
406981,3,1
146629,0,0
14278,4,0
14278,4,0
14278,4,0
40135,0,0
318151,3,0
318151,3,0
318151,3,0
129991,4,0
129991,4,0
36808,5,1
116680,2,1
116680,2,1
116680,2,1
353992,3,1
297673,0,1
382921,3,1
382921,3,1
382921,3,1
337609,4,1
337609,4,1
272329,3,0
272329,3,0
272329,3,0
272329,3,0
96457,0,0
135370,2,0
208330,4,1
148426,3,0
148426,3,0
148426,3,0
148426,3,0
148426,3,0
148426,3,0
148426,3,0
148426,3,0
148426,3,0
348874,0,0
298699,4,1
365515,6,0
40651,3,1
192715,4,2
52684,5,0
52684,5,0
284365,3,0
420301,2,0
401614,3,1
292558,3,1
299215,3,1
302287,3,1
323023,3,1
132559,5,1
132559,5,1
132559,5,1
3535,8,0
3535,8,0
3535,8,0
367312,5,0
261328,0,0
261328,0,0
261328,0,0
44497,0,0
176593,4,1
252625,0,1
252625,0,1
252625,0,1
252625,0,1
252625,0,1
252625,0,1
252625,0,1
301522,4,0
182482,2,1
182482,2,1
182482,2,1
97234,4,1
97234,4,1
304339,3,1
304339,3,1
304339,3,1
135379,5,1
161491,0,0
161491,0,0
161491,0,0
367828,0,0
241876,6,0
241876,6,0
248788,3,0
72148,0,0
159700,0,1
408277,3,0
352981,6,1
371926,3,0
143830,4,0
143830,4,0
96982,3,0
102103,4,0
102103,4,0
102103,4,0
102103,4,0
102103,4,0
102103,4,0
102103,4,0
102103,4,0
102103,4,0
102103,4,0
234967,4,1
234967,4,1
115159,0,1
115159,0,1
54487,3,0
54487,3,0
188887,4,1
1495,4,1
14551,3,1
372952,0,0
245464,3,1
313048,3,1
184792,0,0
386008,0,1
326872,0,0
326872,0,0
312025,0,1
379609,5,0
379609,5,0
70105,7,1
70105,7,1
70105,7,1
203482,5,0
150490,7,0
284890,2,0
163546,3,2
327643,3,1
327643,3,1
327643,3,1
396763,7,0
122332,3,0
272092,4,0
95452,4,1
95452,4,1
424156,0,2
424156,0,2
424156,0,2
111325,3,1
111325,3,1
111325,3,1
111325,3,1
84445,0,0
233182,6,1
366814,3,1
264670,4,1
265438,2,1
70366,3,0
333022,0,0
412894,3,1
168415,2,0
308959,3,0
286432,3,1
292576,0,0
292576,0,0
292576,0,0
270049,0,0
204769,3,1
74209,6,0
159457,3,0
46306,2,1
282850,6,1
282850,6,1
282850,6,1
282850,6,1
282850,6,1
378085,4,1
997,3,2
129766,3,0
204262,3,0
204262,3,0
204262,3,0
204262,3,0
204262,3,0
204262,3,0
204262,3,0
9190,6,0
337126,4,0
212710,3,0
152806,3,0
159718,3,0
17383,6,0
223207,4,2
359911,4,1
233704,4,0
60136,4,0
63976,3,0
63976,3,0
63976,3,0
66280,5,1
68584,5,0
68584,5,0
89320,3,0
43753,6,0
255721,5,0
255721,5,0
255721,5,0
125929,5,1
47338,3,0
47338,3,0
313579,3,0
57835,3,0
402667,3,0
411115,4,0
377068,6,0
2284,3,0
217324,4,1
334573,3,0
402157,5,0
27373,3,1
358381,6,1
358381,6,1
394222,3,0
394222,3,0
394222,3,0
394222,3,0
394222,3,0
149998,3,0
233455,3,0
318703,0,0
64495,6,0
64495,6,0
64495,6,0
395503,5,0
369904,0,1
369904,0,1
369904,0,1
369904,0,1
245488,4,2
300529,0,0
300529,0,0
315889,3,0
410353,2,0
225265,4,0
370162,0,1
376306,5,1
135922,4,0
135922,4,0
135922,4,0
18418,3,0
187123,2,0
79603,0,0
280819,3,1
280819,3,1
280819,3,1
280819,3,1
280819,3,1
280819,3,1
280819,3,1
280819,3,1
331765,6,0
109558,7,0
109558,7,0
109558,7,0
109558,7,0
109558,7,0
109558,7,0
309751,4,0
56311,3,0
324343,3,1
324343,3,1
324343,3,1
324343,3,1
403447,3,0
145399,3,1
245752,3,1
245752,3,1
384760,0,1
384760,0,1
384760,0,1
384760,0,1
78328,0,0
321529,3,0
123898,6,0
82426,4,1
82426,4,1
82426,4,1
82426,4,1
239611,3,0
239611,3,0
420091,0,2
420091,0,2
420091,0,2
420091,0,2
420091,0,2
420091,0,2
182524,5,0
182524,5,0
131068,0,1
131068,0,1
131068,0,1
83452,4,1
167677,4,0
317437,0,1
317437,0,1
317437,0,1
317437,0,1
205309,4,1
16381,4,1
91645,5,1
99838,5,0
52222,2,0
389374,3,0
68350,0,0
68350,0,0
333310,5,1
336895,0,0
388864,3,0
388864,3,0
388864,3,0
388864,3,0
388864,3,0
388864,3,0
128512,0,1
209152,5,1
209152,5,1
209152,5,1
209152,5,1
209152,5,1
209152,5,1
209152,5,1
209152,5,1
209152,5,1
209152,5,1
209152,5,1
209152,5,1
209152,5,1
209152,5,1
209152,5,1
209152,5,1
209152,5,1
209152,5,1
209152,5,1
80128,4,2
80128,4,2
80128,4,2
80128,4,2
337153,3,1
224257,4,0
368386,2,0
368386,2,0
19714,4,0
348418,3,0
348418,3,0
285442,3,1
34819,2,0
383491,3,1
327427,3,0
202243,3,2
77317,2,1
85765,5,0
169222,7,0
249094,4,1
249094,4,1
249094,4,1
249094,4,1
320518,5,0
320518,5,0
229126,5,1
171271,5,0
119047,0,0
191239,3,0
191239,3,0
127495,3,2
217351,6,1
103432,0,1
323080,4,1
323080,4,1
323080,4,1
323080,4,1
323080,4,1
323080,4,1
259336,4,0
259336,4,0
328456,3,0
328456,3,0
4360,2,1
76552,3,1
76552,3,1
76552,3,1
83464,0,2
311305,3,0
311305,3,0
311305,3,0
311305,3,0
416521,4,0
416521,4,0
53002,4,0
120586,5,0
120586,5,0
383242,4,0
383242,4,0
383242,4,0
383242,4,0
383242,4,0
383242,4,0
383242,4,0
390922,2,0
16906,5,1
383755,3,0
383755,3,0
388363,4,1
388363,4,1
388363,4,1
396043,3,0
396043,3,0
336139,3,1
168460,3,0
184588,0,0
253708,5,0
253708,5,0
253708,5,0
253708,5,0
79372,5,0
190477,6,0
264205,4,0
264205,4,0
264205,4,0
264205,4,0
264205,4,0
72973,3,0
269581,6,0
269581,6,0
269581,6,0
144397,4,1
144397,4,1
144397,4,1
115726,3,2
398350,2,0
398350,2,0
398350,2,0
398350,2,0
398350,2,0
398350,2,0
398350,2,0
398350,2,0
280846,3,0
38671,3,0
38671,3,0
317455,0,0
317455,0,0
317455,0,0
317455,0,0
317455,0,0
317455,0,0
317455,0,0
7183,2,0
30223,4,0
173584,4,0
784,4,0
272656,2,1
273169,0,0
262162,4,1
262162,4,1
262162,4,1
216850,3,0
375571,3,1
384787,0,1
141331,0,1
211219,3,0
211219,3,0
211219,3,0
211219,3,0
211219,3,0
211219,3,0
211219,3,0
409363,4,0
310804,4,1
382996,0,0
258580,3,1
258580,3,1
258580,3,1
258580,3,1
258580,3,1
258580,3,1
68884,0,0
211732,0,0
178453,4,0
196885,3,0
199957,6,0
199957,6,0
276757,2,0
276757,2,0
282901,6,0
26389,3,0
26389,3,0
269590,4,0
292630,5,1
128791,4,0
128791,4,0
128791,4,0
11800,6,0
170521,4,0
61465,4,1
61465,4,1
155161,6,0
155161,6,0
155161,6,0
92953,6,0
92953,6,0
92953,6,0
92953,6,0
235546,5,0
181786,0,0
29722,3,1
395035,4,0
335899,6,1
335899,6,1
358171,4,0
134428,4,2
139036,0,0
85276,8,0
22300,4,0
22300,4,0
6685,3,1
42526,0,0
124702,3,0
155422,6,1
167455,7,1
195103,3,0
202783,3,0
75295,2,0
75295,2,0
75295,2,0
75295,2,0
225823,7,0
361504,3,0
361504,3,0
361504,3,0
104224,4,1
302368,0,0
109600,6,1
109600,6,1
109600,6,1
109600,6,1
109600,6,1
313120,6,0
313120,6,0
313120,6,0
313120,6,0
313120,6,0
313120,6,0
313120,6,0
313120,6,0
133408,2,0
346144,3,0
282400,4,0
282400,4,0
282400,4,0
282400,4,0
183841,4,0
183841,4,0
183841,4,0
183841,4,0
217633,7,0
217633,7,0
217633,7,0
169762,0,0
169762,0,0
169762,0,0
266530,0,0
266530,0,0
285730,3,1
26914,6,0
309283,2,0
362020,6,0
299812,5,1
299812,5,1
299812,5,1
299812,5,1
299812,5,1
299812,5,1
324388,5,0
215332,3,1
87844,0,0
87844,0,0
328741,0,0
328741,0,0
328741,0,0
328741,0,0
328741,0,0
328741,0,0
328741,0,0
328741,0,0
328741,0,0
328741,0,0
328741,0,0
266533,5,0
115750,3,0
393766,8,2
416038,4,0
238375,4,0
238375,4,0
177703,5,1
136231,0,0
24871,3,0
230440,3,2
230440,3,2
230440,3,2
230440,3,2
230440,3,2
230440,3,2
230440,3,2
36136,4,1
36136,4,1
36136,4,1
36136,4,1
36136,4,1
36136,4,1
185128,4,2
135208,3,1
386857,5,0
136489,4,0
333610,3,0
406570,3,0
406570,3,0
406570,3,0
156202,0,0
135211,4,1
275755,4,1
275755,4,1
275755,4,1
407083,6,0
407083,6,0
41260,0,0
273196,4,0
18220,2,1
18220,2,1
18220,2,1
354604,6,0
292396,0,0
182317,2,0
294445,5,0
294445,5,0
294445,5,0
294445,5,0
294445,5,0
294445,5,0
294445,5,0
387118,4,1
409390,5,0
409390,5,0
16942,3,1
16942,3,1
16942,3,1
16942,3,1
16942,3,1
16942,3,1
213550,2,0
22318,6,0
365359,3,1
365359,3,1
393007,3,1
393007,3,1
333871,4,0
214831,3,1
168496,4,0
38704,6,1
56368,3,0
56368,3,0
405808,0,1
89137,2,1
234034,3,1
234034,3,1
58930,3,2
345394,0,0
280114,6,0
280114,6,0
280114,6,0
280114,6,0
70195,2,0
70195,2,0
77107,4,0
77107,4,0
77107,4,0
274483,3,0
274483,3,0
274483,3,0
274483,3,0
274483,3,0
274483,3,0
274483,3,0
274483,3,0
345139,3,1
421171,5,1
31795,6,0
294451,4,1
144436,2,0
347956,3,1
329014,3,1
329014,3,1
395062,3,0
395062,3,0
73270,3,0
73270,3,0
73270,3,0
73270,3,0
73270,3,0
73270,3,0
73270,3,0
73270,3,0
73270,3,0
198967,7,0
79159,4,0
55096,6,1
122680,0,0
122680,0,0
62776,0,0
142648,6,0
80440,6,0
374329,4,0
336697,0,1
209209,2,0
276793,4,1
152377,0,2
152377,0,2
152377,0,2
199738,0,0
105787,3,1
105787,3,1
105787,3,1
240187,5,0
240187,5,0
403771,3,2
403771,3,2
403771,3,2
403771,3,2
23611,3,1
372028,3,1
372028,3,1
250684,3,0
414268,4,0
97084,3,0
97084,3,0
97084,3,0
97084,3,0
97084,3,0
299581,5,0
247357,4,0
257086,6,0
257086,6,0
12862,7,1
189247,3,0
267583,6,1
267583,6,1
267583,6,1
267583,6,1
267583,6,1
267583,6,1
267583,6,1
267583,6,1
223807,3,1
314176,4,0
314176,4,0
314176,4,0
314176,4,0
314176,4,0
314176,4,0
314176,4,0
72256,3,0
41281,3,0
272449,4,0
338497,2,0
209473,5,1
209473,5,1
96577,3,0
322114,4,0
392002,4,1
392002,4,1
392770,4,2
74818,6,0
74818,6,0
211522,3,0
225346,5,0
358978,0,1
358978,0,1
358978,0,1
34627,5,0
104515,4,0
41539,6,0
407875,5,0
191044,0,0
191044,0,0
331588,3,0
203332,6,0
322885,3,0
421957,0,1
167494,4,0
353350,4,2
42055,3,0
42055,3,0
42055,3,0
362824,2,1
69448,2,1
393289,5,1
168778,0,0
393802,5,0
291658,6,0
367435,3,0
242251,0,1
85579,5,1
85579,5,1
358219,3,1
358219,3,1
358219,3,1
358219,3,1
358219,3,1
167500,4,0
315724,3,1
285772,4,2
285772,4,2
285772,4,2
285772,4,2
29260,5,0
184909,3,2
141901,6,0
275278,0,0
114511,6,0
314191,4,0
253519,4,0
190543,0,0
136783,3,0
277327,3,0
409423,0,0
278863,4,2
89935,0,1
102736,2,1
102736,2,1
29008,4,0
29008,4,0
100945,6,0
100945,6,0
100945,6,0
100945,6,0
100945,6,0
100945,6,0
100945,6,0
115537,4,2
126034,3,1
392530,6,1
314707,0,1
1363,3,0
1363,3,0
197971,2,0
80467,5,1
174676,0,0
318037,3,1
137557,3,0
13909,0,0
151381,4,2
151381,4,2
151381,4,2
20821,2,0
20821,2,0
362326,4,0
101206,5,0
101206,5,0
101206,5,0
309079,2,1
375127,4,0
375127,4,0
10072,5,0
294232,4,0
195673,0,0
195673,0,0
195673,0,0
135001,6,0
135001,6,0
135001,6,0
135001,6,0
135001,6,0
333145,3,1
19033,3,0
418393,5,0
418393,5,0
418393,5,0
199258,0,0
199258,0,0
199258,0,0
199258,0,0
199258,0,0
199258,0,0
199258,0,0
60763,6,0
37468,2,1
37468,2,1
85852,4,0
85852,4,0
85852,4,0
223324,0,0
383581,4,0
57949,5,0
57949,5,0
277597,6,0
345181,3,0
36958,3,0
248926,4,0
261982,3,0
261982,3,0
327775,4,0
135007,4,0
135007,4,0
163423,5,0
312160,0,0
137056,3,1
272224,5,0
15712,3,1
15712,3,1
279904,0,0
119650,4,0
306019,4,0
121699,3,0
140899,3,0
93283,5,0
41572,4,0
185956,2,1
326500,0,0
339556,3,1
278116,4,0
278116,4,0
279652,5,0
267877,4,0
330598,4,0
157030,4,0
103015,4,0
103015,4,0
236647,3,1
345703,5,0
23911,4,0
92263,2,0
116584,6,0
116584,6,0
73576,4,0
357736,5,1
357736,5,1
357736,5,1
357736,5,1
114793,2,0
114793,2,0
114793,2,0
114793,2,0
114793,2,0
246121,2,0
246121,2,0
246121,2,0
271465,4,1
406633,3,0
357481,0,1
233578,4,0
171370,4,0
387946,5,1
137578,3,0
137578,3,0
137578,3,0
350314,6,1
96874,4,2
236395,4,1
236395,4,1
185707,5,0
185707,5,0
185707,5,0
185707,5,0
396139,0,1
396139,0,1
396139,0,1
343915,2,0
95851,2,0
20332,3,1
20332,3,1
20332,3,1
20332,3,1
20332,3,1
20332,3,1
20332,3,1
92524,4,1
28012,2,0
28012,2,0
28012,2,0
28012,2,0
333421,5,1
288109,3,0
188782,0,1
57199,5,0
58735,3,0
44656,4,0
190576,4,0
114289,0,0
190321,4,0
263281,8,0
263281,8,0
179314,4,1
179314,4,1
316786,0,0
258418,3,1
258418,3,1
258418,3,1
258418,3,1
258418,3,1
206194,4,1
232051,3,0
301939,3,1
41587,4,0
53107,4,0
318067,0,0
372340,6,0
56692,2,1
58996,4,2
58996,4,2
135028,2,0
312181,3,1
312181,3,1
312181,3,1
312181,3,1
312181,3,1
200821,0,0
85621,0,0
138871,6,0
416119,4,0
39544,3,0
369016,4,1
175480,2,1
117112,0,0
382072,0,0
231289,5,0
385657,0,0
385657,0,0
4474,6,0
4474,6,0
372859,6,1
316540,4,2
276604,4,1
347260,6,1
347260,6,1
347260,6,1
228988,4,0
413053,3,0
413053,3,0
250750,3,0
120958,7,1
305023,4,1
111487,4,0
311167,3,1
311167,3,1
311167,3,1
332671,6,0
15487,0,0
20863,3,0
20863,3,0
20863,3,0
20863,3,0
36992,3,0
36992,3,0
235136,7,0
235136,7,0
235136,7,0
235136,7,0
235136,7,0
235136,7,0
235136,7,0
267392,3,1
333440,6,0
333440,6,0
142208,4,1
142208,4,1
142208,4,1
142208,4,1
142208,4,1
142208,4,1
142208,4,1
142208,4,1
142208,4,1
142208,4,1
329345,4,0
329345,4,0
329345,4,0
17537,0,0
186242,3,0
258434,0,0
193154,3,1
342914,6,1
289154,3,0
370307,4,0
307331,3,1
344195,3,1
344195,3,1
344195,3,1
216707,2,1
216707,2,1
304004,4,0
304004,4,0
304004,4,0
127364,3,0
403844,4,0
297605,0,0
48773,3,0
48773,3,0
48773,3,0
313733,3,1
323717,6,0
91781,0,0
370310,3,0
109190,3,0
109190,3,0
88454,4,0
88454,4,0
312455,2,0
312455,2,0
207239,0,0
207239,0,0
207239,0,0
207239,0,0
207239,0,0
81800,5,0
315785,3,0
79241,0,1
39050,0,0
39050,0,0
302474,3,1
302474,3,1
393866,3,0
215435,0,0
412811,6,0
33164,4,0
15500,3,0
15500,3,0
15500,3,0
15500,3,0
15500,3,0
378254,6,0
130190,4,1
130190,4,1
130190,4,1
143246,3,1
143246,3,1
143246,3,1
415886,5,0
415886,5,0
415886,5,0
415886,5,0
415886,5,0
415886,5,0
415886,5,0
171407,4,0
43151,5,0
43151,5,0
43151,5,0
182159,3,1
182159,3,1
182159,3,1
182159,3,1
182159,3,1
147599,5,0
90767,3,0
300176,6,0
377744,3,0
129680,7,0
73616,3,0
214928,3,0
206225,6,0
142481,0,0
407441,2,0
281489,4,0
158609,2,1
32657,3,1
60050,2,0
914,3,0
141458,3,0
90770,5,2
309395,3,1
309395,3,1
227219,3,0
332180,3,2
408212,0,0
408212,0,0
89492,6,0
255893,3,0
255893,3,0
255893,3,0
255893,3,0
255893,3,0
255893,3,0
63893,6,0
288917,0,0
329366,3,0
360599,0,0
302999,2,0
302999,2,0
302999,2,0
302999,2,0
302999,2,0
302999,2,0
302999,2,0
51863,4,0
261527,2,0
261527,2,0
261527,2,0
207767,5,1
207767,5,1
405911,4,0
405911,4,0
405911,4,0
405911,4,0
405911,4,0
405911,4,0
405911,4,0
405911,4,0
405911,4,0
178073,3,1
131225,4,1
2969,3,0
16025,5,1
16025,5,1
16025,5,1
218777,0,0
38810,4,1
38810,4,1
38810,4,1
38810,4,1
38810,4,1
308378,5,0
308378,5,0
63386,4,2
405914,5,0
235931,6,0
235931,6,0
177563,3,1
177563,3,1
320411,3,0
322715,4,1
322715,4,1
322715,4,1
13211,6,0
13211,6,0
13211,6,0
13211,6,0
13211,6,0
13211,6,0
13211,6,0
13211,6,0
13211,6,0
13211,6,0
13211,6,0
13211,6,0
13211,6,0
13211,6,0
13211,6,0
13211,6,0
13211,6,0
359579,2,0
382364,3,1
382364,3,1
68252,3,1
138908,4,2
11420,8,0
420764,2,0
420764,2,0
420764,2,0
420764,2,0
420764,2,0
132509,4,0
132509,4,0
132509,4,0
132509,4,0
132509,4,0
132509,4,0
132509,4,0
132509,4,0
264605,4,1
374942,0,0
196766,3,1
70046,5,0
340382,0,0
420254,4,0
162206,0,0
120479,6,0
120479,6,0
147359,3,1
101792,0,0
101792,0,0
101792,0,0
106400,4,1
106400,4,1
106400,4,1
106400,4,1
106400,4,1
106400,4,1
106400,4,1
106400,4,1
303008,0,0
303008,0,0
63392,6,0
340640,3,0
22688,3,0
221600,6,0
394145,6,1
21665,2,0
21665,2,0
21665,2,0
21665,2,0
21665,2,0
21665,2,0
21665,2,0
21665,2,0
21665,2,0
370850,6,1
370850,6,1
370850,6,1
240290,3,1
198818,3,1
332450,6,0
94370,7,0
94370,7,0
94370,7,0
322979,4,0
322979,4,0
322979,4,0
322979,4,0
322979,4,0
322979,4,0
322979,4,0
322979,4,0
322979,4,0
257699,4,0
269219,6,1
269219,6,1
37028,6,0
239012,4,0
347300,4,0
198821,4,0
408485,4,0
346277,4,1
346277,4,1
346277,4,1
346277,4,1
349349,0,0
54950,3,1
54950,3,1
54950,3,1
54950,3,1
23462,6,0
23462,6,0
318119,0,1
259751,3,0
259751,3,0
259751,3,0
331175,0,0
234152,0,1
234152,0,1
103592,3,1
197288,6,0
197288,6,0
197288,6,0
197288,6,0
197288,6,0
197288,6,0
201896,0,0
136616,3,1
106409,0,0
184745,2,0
119465,2,1
5033,4,0
5033,4,0
413609,3,0
170,0,0
170,0,0
133034,0,0
335018,3,0
20906,4,0
156842,3,0
244139,5,0
244139,5,0
256427,0,0
132011,3,1
375212,5,0
375212,5,0
410540,5,0
19628,5,0
19628,5,0
353708,2,1
95660,0,1
399533,6,0
74669,2,0
340397,3,0
79277,3,0
104366,4,0
49070,4,0
49070,4,0
49070,4,0
380078,0,1
380078,0,1
234671,0,0
176303,5,0
67247,7,1
264623,6,0
264623,6,0
264623,6,0
100016,4,0
36272,0,0
36272,0,0
246704,5,0
72368,3,0
72368,3,0
23984,2,0
23984,2,0
23984,2,0
23984,2,0
204209,0,1
204209,0,1
204209,0,1
204209,0,1
409265,4,1
166322,4,0
130226,3,0
143282,0,2
14258,4,0
211634,3,0
211634,3,0
211634,3,0
84914,0,0
226994,3,1
226994,3,1
381875,6,1
381875,6,1
327347,4,0
418739,3,0
366260,3,1
41396,6,1
38069,3,0
38069,3,0
38069,3,0
38069,3,0
404405,3,1
31925,3,0
31925,3,0
249782,3,0
249782,3,0
249782,3,0
249782,3,0
249782,3,0
394934,3,1
7862,0,0
93110,4,0
49847,3,2
318647,3,1
228023,0,0
228023,0,0
117176,4,1
395960,3,1
106937,6,1
106937,6,1
106937,6,1
106937,6,1
399545,7,0
413369,2,1
413369,2,1
176570,3,0
179642,3,0
179642,3,0
387002,4,0
403130,7,0
403130,7,0
341690,4,0
350138,3,1
162746,5,2
162746,5,2
162746,5,2
162746,5,2
162746,5,2
162746,5,2
162746,5,2
162746,5,2
162746,5,2
162746,5,2
162746,5,2
162746,5,2
162746,5,2
162746,5,2
162746,5,2
162746,5,2
162746,5,2
120251,0,0
120251,0,0
120251,0,0
120251,0,0
191675,5,0
294587,0,1
294587,0,1
176060,3,0
311996,3,1
124604,3,1
286652,6,1
225980,5,0
161468,5,2
254141,4,0
262589,4,0
342461,3,0
408509,2,1
296126,5,1
296126,5,1
38846,2,0
236222,3,2
236222,3,2
313790,3,0
313790,3,0
76478,0,0
76478,0,0
76478,0,0
76478,0,0
76478,0,0
76478,0,0
76478,0,0
278462,0,1
21182,4,0
123839,5,1
322496,3,1
65984,3,0
65984,3,0
65984,3,0
31424,5,1
97472,0,0
310721,2,0
52673,4,1
52673,4,1
52673,4,1
52673,4,1
52673,4,1
52673,4,1
52673,4,1
52673,4,1
52673,4,1
52673,4,1
52673,4,1
52673,4,1
52673,4,1
52673,4,1
251585,0,0
6338,7,0
141506,5,0
17090,4,1
184259,3,1
188867,3,1
159683,3,1
291011,0,0
367556,3,1
4292,4,0
4292,4,0
17348,3,0
17348,3,0
110789,0,0
389573,4,0
389573,4,0
24773,7,0
360389,3,0
360389,3,0
360389,3,0
368582,0,0
368582,0,0
314054,3,1
94406,4,1
94406,4,1
94406,4,1
94406,4,1
200903,6,0
12743,6,1
12743,6,1
344519,4,1
222407,3,1
222407,3,1
223943,0,0
250568,3,0
250568,3,0
112073,6,0
112841,4,0
244169,4,0
244169,4,0
244169,4,0
397769,0,1
402377,2,0
275657,4,0
88265,2,1
159689,2,0
228809,5,1
316874,3,1
96458,5,0
293066,5,2
293066,5,2
293066,5,2
102347,6,0
257483,4,0
323531,3,0
338123,0,0
397772,0,0
397772,0,0
397772,0,0
397772,0,0
397772,0,0
397772,0,0
397772,0,0
397772,0,0
397772,0,0
397772,0,0
397772,0,0
93644,4,0
93644,4,0
362957,3,0
362957,3,0
273869,0,0
288206,0,0
112079,5,0
112079,5,0
3023,0,0
297680,2,0
38864,2,1
111056,0,0
111056,0,0
51152,3,0
193232,0,2
4304,4,1
4304,4,1
4304,4,1
4304,4,1
4304,4,1
4304,4,1
4304,4,1
4304,4,1
4304,4,1
283088,3,1
337361,5,0
149201,6,0
20177,6,1
20177,6,1
418514,4,0
174803,4,1
244691,4,0
58067,3,0
58067,3,0
58067,3,0
260819,3,0
260819,3,0
260819,3,0
260819,3,0
260819,3,0
68819,6,0
68819,6,0
210899,3,0
210899,3,0
49364,4,1
153044,2,0
153044,2,0
231125,6,0
306134,4,0
376790,3,0
76502,0,0
52439,2,0
92633,0,0
92633,0,0
357593,5,1
70874,5,0
70874,5,0
338138,6,0
273626,3,1
146138,2,0
289754,5,0
171995,3,0
412379,8,1
412379,8,1
388316,2,1
258524,3,0
210908,3,0
21212,3,0
32732,4,0
46301,4,0
46301,4,0
46301,4,0
46301,4,0
46301,4,0
64733,4,0
64733,4,0
64733,4,0
415709,2,1
167390,0,0
372959,3,0
377567,3,0
149984,4,0
164321,0,0
70625,3,0
70625,3,0
404705,3,1
404705,3,1
404705,3,1
79841,7,0
79841,7,0
79841,7,0
79841,7,0
79841,7,0
79841,7,0
40418,3,0
40418,3,0
394466,4,0
394466,4,0
394466,4,0
4322,6,0
181475,3,1
66275,3,1
275171,6,0
80099,4,0
281315,2,1
324836,0,1
277220,3,0
277220,3,0
277220,3,0
163556,0,0
105701,3,0
384485,3,1
384485,3,1
384485,3,1
384485,3,1
384485,3,1
384485,3,1
319973,3,0
95717,0,0
95717,0,0
380390,2,0
195302,6,0
195302,6,0
195302,6,0
195302,6,0
195302,6,0
195302,6,0
13286,5,0
238823,2,0
238823,2,0
240359,4,1
240359,4,1
240359,4,1
240359,4,1
240359,4,1
240359,4,1
140519,5,1
32231,4,2
114152,5,1
271592,4,0
275432,0,2
30440,4,1
30440,4,1
166889,3,0
188393,4,2
188393,4,2
188393,4,2
390377,4,0
390377,4,0
390377,4,0
390377,4,0
390377,4,0
390377,4,0
264425,3,0
133865,4,1
133865,4,1
133865,4,1
133865,4,1
133865,4,1
133865,4,1
133865,4,1
133865,4,1
133865,4,1
133865,4,1
133865,4,1
133865,4,1
133865,4,1
133865,4,1
408041,7,0
31721,3,0
103658,3,1
84458,4,0
419306,0,0
402923,3,0
409835,4,0
409835,4,0
229355,3,1
229355,3,1
298220,4,1
298220,4,1
298220,4,1
38636,4,0
319724,5,0
185069,5,1
185069,5,1
253421,4,0
309230,6,1
248558,4,0
192494,3,1
192494,3,1
270830,3,0
270830,3,0
270830,3,0
208622,6,0
408302,4,0
353774,0,0
226286,5,0
226286,5,0
226286,5,0
226286,5,0
226286,5,0
226286,5,0
226286,5,0
226286,5,0
226286,5,0
226286,5,0
226286,5,0
226286,5,0
226286,5,0
226286,5,0
226286,5,0
226286,5,0
244463,3,0
244463,3,0
244463,3,0
8687,0,1
8687,0,1
272111,4,0
82415,2,1
82415,2,1
82415,2,1
82415,2,1
82415,2,1
82415,2,1
82415,2,1
233456,4,1
233456,4,1
233456,4,1
233456,4,1
233456,4,1
233456,4,1
233456,4,1
233456,4,1
233456,4,1
79088,5,1
354032,4,0
354032,4,0
354032,4,0
354032,4,0
354032,4,0
354032,4,0
354032,4,0
354032,4,0
271346,6,0
88562,4,1
88562,4,1
88562,4,1
88562,4,1
174323,4,1
174323,4,1
258035,3,2
328691,3,0
285683,6,0
285683,6,0
285683,6,0
285683,6,0
285683,6,0
285683,6,0
285683,6,0
360692,4,0
104948,0,0
174068,3,0
178676,3,0
250100,3,1
73460,5,2
73460,5,2
73460,5,2
73460,5,2
73460,5,2
73460,5,2
146420,5,0
280820,3,0
280820,3,0
280820,3,0
290036,5,0
110582,4,1
129782,3,0
138230,0,0
52727,5,0
318455,0,1
92663,6,0
242168,3,0
209144,0,0
58361,7,1
201209,4,1
109562,5,0
193274,6,0
398330,5,1
223994,2,0
228602,4,1
228602,4,1
228602,4,1
374267,2,0
48635,3,0
133115,4,1
133115,4,1
133115,4,1
133115,4,1
405755,3,0
227324,6,0
15101,0,0
306686,4,1
306686,4,1
306686,4,1
306686,4,1
75518,0,0
93182,4,0
28670,5,0
100607,5,0
242687,2,1
242687,2,1
56063,6,0
82175,6,0
82175,6,0
82175,6,0
82175,6,0
82175,6,0
82175,6,0
82175,6,0
16895,2,1
148991,3,0
149759,5,1
281855,4,0
415487,2,0
191744,5,0
78848,3,0
158720,2,0
224768,0,0
224768,0,0
224768,0,0
224768,0,0
224768,0,0
227072,3,1
240641,5,0
312833,0,2
388865,3,1
26369,4,0
42242,2,1
48386,2,1
184322,3,2
184322,3,2
184322,3,2
193538,3,1
63746,3,0
402434,5,0
402434,5,0
402434,5,0
281090,6,0
35075,0,1
35075,0,1
177923,0,0
319235,4,0
319235,4,0
136451,4,1
5891,4,0
339203,6,1
380420,3,0
387332,2,0
143876,3,1
39173,3,0
88325,0,0
37382,3,1
130310,4,0
224774,3,1
224774,3,1
224774,3,1
47111,3,0
47111,3,0
193031,6,0
301832,3,0
126728,0,0
403976,2,0
92168,3,1
92168,3,1
92168,3,1
118793,3,1
267017,2,1
419849,6,0
80138,2,0
80138,2,0
80138,2,0
50699,7,1
319499,6,0
409100,4,0
283916,3,0
380429,4,2
380429,4,2
132110,0,0
228110,0,0
46607,4,1
311567,0,0
214031,0,2
365840,3,0
105488,0,0
59408,0,0
405776,2,0
151568,4,1
248849,3,0
10001,2,0
10001,2,0
14609,6,0
234002,3,1
367634,6,0
237842,0,2
311570,5,1
189458,5,0
189458,5,0
189458,5,0
189458,5,0
189458,5,0
189458,5,0
189458,5,0
189458,5,0
189458,5,0
189458,5,0
189458,5,0
189458,5,0
189458,5,0
189458,5,0
189458,5,0
189458,5,0
189458,5,0
189458,5,0
189458,5,0
189458,5,0
189458,5,0
189458,5,0
189458,5,0
189458,5,0
189458,5,0
207122,3,1
340754,0,1
340754,0,1
19730,7,0
412946,3,1
92690,4,0
60179,4,1
70163,4,0
207635,3,0
250388,4,0
95252,0,0
376853,5,0
263189,4,1
33302,4,0
112151,3,0
346391,3,1
155927,6,1
104984,0,0
306200,3,0
153368,6,0
153368,6,0
153368,6,0
153368,6,0
153368,6,0
312089,5,1
284441,4,1
284441,4,1
284441,4,1
284441,4,1
284441,4,1
284441,4,1
72218,0,0
86810,0,0
93722,4,0
359450,3,0
359450,3,0
185627,4,0
185627,4,0
383003,6,0
269339,2,1
90395,3,1
91163,4,1
91163,4,1
378140,6,0
411932,5,2
411932,5,2
94748,0,1
64541,0,1
13085,5,1
230174,3,0
39710,3,0
105758,3,0
369440,4,0
238880,5,0
400160,2,0
257057,0,0
257057,0,0
405281,0,0
405281,0,0
183842,4,1
216866,3,0
284450,3,0
42020,5,2
157988,5,1
224804,3,0
224804,3,0
63014,5,0
10790,4,0
13862,3,2
13862,3,2
13862,3,2
13862,3,2
32807,3,0
306215,4,0
306215,4,0
306215,4,0
306215,4,0
306215,4,0
306215,4,0
306215,4,0
306215,4,0
306215,4,0
306215,4,0
306215,4,0
306215,4,0
306215,4,0
306215,4,0
306215,4,0
306215,4,0
120359,0,0
120359,0,0
120359,0,0
333863,0,1
222503,0,0
322856,3,0
322856,3,0
322856,3,0
322856,3,0
322856,3,0
392744,3,0
392744,3,0
155432,2,0
196649,5,1
196649,5,1
196649,5,1
196649,5,1
196649,5,1
196649,5,1
338729,4,1
338729,4,1
406313,4,0
210473,6,0
232490,6,0
232490,6,0
101930,0,0
422954,0,0
227882,4,1
124715,4,0
124715,4,0
321323,3,0
36140,3,1
277292,5,1
277292,5,1
277292,5,1
417068,2,0
417068,2,0
417068,2,0
107309,3,2
344621,5,1
163886,3,0
299822,6,1
25646,4,0
25646,4,0
178991,4,2
12335,7,0
30767,0,1
316208,4,0
61232,5,0
72752,3,1
72752,3,1
72752,3,1
342320,0,0
406577,5,2
406577,5,2
245810,3,1
124466,3,0
263474,5,0
78386,0,1
78386,0,1
78386,0,1
78386,0,1
151346,3,0
38195,2,1
258611,7,0
258611,7,0
258611,7,0
258611,7,0
258611,7,0
258611,7,0
258611,7,0
258611,7,0
258611,7,0
258611,7,0
258611,7,0
258611,7,0
258611,7,0
258611,7,0
258611,7,0
258611,7,0
258611,7,0
258611,7,0
258611,7,0
258611,7,0
158003,4,0
158003,4,0
158003,4,0
158003,4,0
158003,4,0
158003,4,0
158003,4,0
158003,4,0
158003,4,0
328244,3,2
328244,3,2
328244,3,2
328244,3,2
328244,3,2
328244,3,2
7220,3,2
7220,3,2
7220,3,2
172853,2,1
239669,6,0
179765,5,0
179765,5,0
179765,5,0
325685,4,0
139829,6,1
10805,0,0
281909,6,0
186422,2,1
195638,3,0
195638,3,0
195638,3,0
8246,3,1
343094,3,1
150326,3,0
20534,3,1
219446,0,0
219446,0,0
219446,0,0
417590,0,0
289334,6,0
357686,4,0
48695,3,0
48695,3,0
48695,3,0
48695,3,0
48695,3,0
48695,3,0
217655,0,0
154679,3,1
287543,0,0
289847,6,1
386360,5,1
80696,4,0
80696,4,0
80696,4,0
212024,3,0
47417,4,1
13625,2,2
298298,3,0
298298,3,0
298298,3,0
298298,3,0
298298,3,0
298298,3,0
298298,3,0
298298,3,0
238652,3,0
253244,2,0
253244,2,0
253244,2,0
253244,2,0
260924,2,0
204860,2,1
204860,2,1
89660,4,0
89660,4,0
323645,3,0
323645,3,0
323645,3,0
169022,4,0
205118,4,1
205118,4,1
205118,4,1
205118,4,1
205118,4,1
205118,4,1
205118,4,1
205118,4,1
205118,4,1
13118,6,1
13118,6,1
13118,6,1
13118,6,1
13118,6,1
13118,6,1
13118,6,1
13118,6,1
13118,6,1
13118,6,1
145982,0,0
278078,2,1
16190,3,0
16190,3,0
16190,3,0
16190,3,0
16190,3,0
16190,3,0
16190,3,0
88382,3,0
242495,4,0
316223,2,1
316223,2,1
316223,2,1
58175,3,1
386879,5,0
65087,2,1
65087,2,1
176192,0,0
378944,6,0
56384,3,0
64064,7,0
64064,7,0
91712,5,0
91712,5,0
91712,5,0
91712,5,0
91712,5,0
91712,5,0
91712,5,0
91712,5,0
91712,5,0
91712,5,0
91712,5,0
91712,5,0
91712,5,0
319553,6,1
202049,3,0
202049,3,0
167234,2,0
63554,3,1
2882,4,1
2882,4,1
403010,6,0
403010,6,0
403010,6,0
403010,6,0
403010,6,0
403010,6,0
142658,3,0
142658,3,0
142658,3,0
142658,3,0
142658,3,0
406082,0,0
26690,3,0
172355,4,0
133955,0,2
10307,0,0
10307,0,0
351299,0,0
355907,5,0
355907,5,0
238148,4,0
318788,0,0
73028,3,0
205892,0,0
205892,0,0
205892,0,0
345668,3,0
345668,3,0
297029,3,0
297029,3,0
297029,3,0
297029,3,0
297029,3,0
320837,6,0
257093,4,0
141125,6,0
148805,2,0
154181,0,0
34886,5,0
297542,0,0
169286,3,2
64070,3,1
142406,3,0
94022,0,0
33095,0,0
33095,0,0
243527,0,0
379463,3,0
122951,0,0
337223,4,1
337223,4,1
337223,4,1
55880,3,1
260168,3,1
260168,3,1
279368,7,0
18248,3,0
18248,3,0
18248,3,0
18248,3,0
388169,0,0
388169,0,0
218441,3,0
218441,3,0
250442,4,0
128330,4,0
344906,4,0
344906,4,0
344906,4,0
344906,4,0
344906,4,0
344906,4,0
344906,4,0
414026,2,0
258635,2,1
258635,2,1
258635,2,1
258635,2,1
258635,2,1
266315,6,0
85067,4,0
38732,5,1
276812,4,0
276812,4,0
276812,4,0
276812,4,0
376397,0,0
314189,3,0
314189,3,0
314189,3,0
119885,0,0
61517,3,1
86861,0,0
159053,3,0
377678,4,0
377678,4,0
377678,4,0
128846,4,0
128846,4,0
128846,4,0
128846,4,0
128846,4,0
128846,4,0
128846,4,0
128846,4,0
131918,3,0
131918,3,0
131918,3,0
419918,5,0
419918,5,0
325199,5,1
225359,6,0
349520,4,0
245585,3,0
245585,3,0
23633,4,1
351569,5,1
98129,4,0
98129,4,0
117842,4,0
281426,3,1
281426,3,1
323411,4,2
323411,4,2
83027,2,0
25427,3,1
229460,2,0
270164,3,0
215636,2,0
215636,2,0
215636,2,0
215636,2,0
218708,6,0
355412,0,0
386645,4,0
374870,4,0
374870,4,0
374870,4,0
245078,6,1
139862,2,0
139862,2,0
139862,2,0
139862,2,0
139862,2,0
139862,2,0
139862,2,0
304727,4,0
304727,4,0
304727,4,0
81239,4,0
409175,2,1
409175,2,1
409175,2,1
409175,2,1
409175,2,1
409175,2,1
409175,2,1
355415,0,0
170072,4,0
69722,2,0
400730,3,0
77402,3,0
293210,0,0
367451,6,0
367451,6,0
367451,6,0
367451,6,0
173147,0,2
372827,0,0
372827,0,0
372827,0,0
372827,0,0
372827,0,0
372827,0,0
372827,0,0
135515,0,0
161372,5,0
254045,4,2
58973,4,1
400733,3,1
400733,3,1
400733,3,1
400733,3,1
400733,3,1
400733,3,1
400733,3,1
31325,4,1
31325,4,1
229982,3,1
229982,3,1
153182,0,0
153182,0,0
153182,0,0
153182,0,0
153182,0,0
153182,0,0
153182,0,0
153182,0,0
94559,2,0
94559,2,0
40544,0,0
40544,0,0
40544,0,0
131168,3,1
131168,3,1
268640,0,1
25184,5,0
236129,4,0
236129,4,0
57953,2,2
57953,2,2
87905,0,0
87905,0,0
315746,4,0
306275,0,0
58979,6,0
270947,2,1
337763,5,0
214115,3,0
150371,0,0
157283,3,1
157283,3,1
293987,3,0
293987,3,0
293987,3,0
319076,4,0
193892,6,1
352868,2,1
369509,6,0
286565,5,0
374630,0,1
328550,3,1
328550,3,1
328550,3,1
400742,5,1
74342,4,0
276326,2,1
276326,2,1
148070,3,1
148070,3,1
148070,3,1
148070,3,1
148070,3,1
148070,3,1
148070,3,1
216422,3,0
196967,4,1
196967,4,1
196967,4,1
198503,4,1
88679,3,0
47720,3,0
100457,3,0
75113,0,0
403817,5,0
310379,0,0
346475,3,1
85355,6,0
85355,6,0
85355,6,0
29291,5,0
306284,2,0
105581,4,0
105581,4,0
105581,4,0
63341,6,0
63341,6,0
63341,6,0
63341,6,0
63341,6,0
63341,6,0
63341,6,0
63341,6,0
148589,6,1
148589,6,1
148589,6,1
148589,6,1
28013,0,1
114542,6,0
116078,0,0
131438,2,0
207470,4,0
299375,4,1
311408,4,1
127088,5,1
392048,0,0
415088,3,1
415088,3,1
175985,0,0
379505,3,1
379505,3,1
379505,3,1
379505,3,1
379505,3,1
190577,3,0
198257,5,0
272753,4,0
272753,4,0
272753,4,0
272753,4,0
344177,5,1
344177,5,1
344177,5,1
344177,5,1
410993,0,0
283505,0,1
32882,6,1
32882,6,1
32882,6,1
32882,6,1
32882,6,1
32882,6,1
32882,6,1
34418,3,2
65906,3,0
65906,3,0
302195,2,0
302195,2,0
302195,2,0
316787,6,0
232820,4,0
306548,6,0
377204,0,0
377204,0,0
317300,2,1
86132,0,1
378485,3,0
140405,4,2
103286,5,2
103286,5,2
103286,5,2
103286,5,2
38774,8,0
38774,8,0
38774,8,0
381302,4,0
381302,4,0
381302,4,0
381302,4,0
287351,6,1
158327,5,0
305528,0,0
53624,5,0
388472,2,0
110969,4,0
351353,4,0
60794,3,0
60794,3,0
60794,3,0
370811,3,0
378491,0,0
399227,3,0
399227,3,0
399227,3,0
27515,3,1
228731,6,0
248444,5,0
60284,2,0
77180,6,0
203645,3,0
203645,3,0
269693,5,0
348029,0,0
373886,3,1
373886,3,1
373886,3,1
373886,3,1
373886,3,1
201086,6,0
145022,2,0
230015,4,0
230015,4,0
230015,4,0
64895,3,0
5759,6,0
96383,4,1
64128,4,1
18816,2,1
403329,6,0
279681,4,0
217473,4,0
422529,4,2
422529,4,2
422529,4,2
422529,4,2
422529,4,2
422529,4,2
337026,6,1
337026,6,1
337026,6,1
337026,6,1
293250,4,0
149379,4,1
361860,4,0
363396,4,0
365445,4,0
195717,3,1
195717,3,1
195717,3,1
195717,3,1
223110,2,0
118407,5,0
68487,4,1
68487,4,1
68487,4,1
68487,4,1
68487,4,1
68487,4,1
68487,4,1
68487,4,1
68487,4,1
68487,4,1
68487,4,1
68487,4,1
68487,4,1
68487,4,1
68487,4,1
68487,4,1
201351,3,1
345735,3,0
176520,3,1
181128,0,0
181128,0,0
344712,3,0
416136,3,0
416136,3,0
183945,4,0
58761,2,0
103818,4,1
103818,4,1
103818,4,1
103818,4,1
110730,5,1
339594,4,0
414858,3,0
121995,3,1
121995,3,1
121995,3,1
261771,2,1
342411,4,1
342411,4,1
342411,4,1
342411,4,1
419979,2,0
161931,5,0
161931,5,0
161931,5,0
161931,5,0
161931,5,0
161931,5,0
161931,5,0
161931,5,0
372108,3,1
329100,2,0
329100,2,0
5004,3,2
338316,0,0
306318,0,1
210318,4,0
369039,2,1
388239,5,0
388239,5,0
37776,3,0
272784,5,1
10896,3,1
420240,3,0
420240,3,0
2193,3,2
2193,3,2
2193,3,2
148113,0,0
411537,3,0
359313,6,0
198546,3,0
198546,3,0
198546,3,0
30354,4,0
374931,3,1
374931,3,1
14739,3,0
415635,4,1
348564,5,0
233109,2,0
172437,4,1
320661,7,0
5013,0,0
280725,3,0
99222,4,0
99222,4,0
107670,0,1
75414,3,0
60567,3,1
60567,3,1
60567,3,1
60567,3,1
60567,3,1
274071,4,1
274071,4,1
274071,4,1
147351,4,1
173208,4,2
173208,4,2
173208,4,2
173208,4,2
332952,6,0
83352,5,0
83352,5,0
233625,4,0
233625,4,0
233625,4,0
233625,4,0
233625,4,0
46233,2,0
250521,3,1
201369,4,0
137625,3,0
341913,0,0
225177,5,0
225177,5,0
225177,5,0
370074,3,2
370074,3,2
376986,4,0
26010,0,0
46491,6,0
387483,3,0
393627,8,1
393627,8,1
393627,8,1
393627,8,1
393627,8,1
393627,8,1
393627,8,1
393627,8,1
393627,8,1
393627,8,1
393627,8,1
393627,8,1
393627,8,1
393627,8,1
393627,8,1
393627,8,1
393627,8,1
393627,8,1
393627,8,1
393627,8,1
393627,8,1
393627,8,1
393627,8,1
393627,8,1
393627,8,1
393627,8,1
393627,8,1
393627,8,1
393627,8,1
393627,8,1
393627,8,1
393627,8,1
359835,3,0
359835,3,0
74652,5,1
74652,5,1
74652,5,1
74652,5,1
74652,5,1
74652,5,1
74652,5,1
74652,5,1
74652,5,1
74652,5,1
74652,5,1
222108,2,1
222108,2,1
222108,2,1
373149,3,1
373149,3,1
98718,4,1
48798,2,1
390558,3,0
390558,3,0
390558,3,0
390558,3,0
390558,3,0
390558,3,0
390558,3,0
390558,3,0
390558,3,0
390558,3,0
67230,5,0
275358,3,1
10143,3,0
222111,2,1
222111,2,1
222111,2,1
150432,3,1
161184,5,0
161184,5,0
292512,0,0
96672,5,1
96672,5,1
407457,2,0
226209,5,1
237219,2,1
237219,2,1
237219,2,1
237219,2,1
237219,2,1
237219,2,1
237219,2,1
276387,3,0
276387,3,0
292515,0,1
68004,4,0
10404,5,0
188325,4,1
41382,3,1
112038,4,0
183462,0,1
55974,6,0
269478,4,0
356262,5,0
167079,3,0
248487,0,1
195495,2,0
195495,2,0
195495,2,0
195495,2,0
195495,2,0
195495,2,0
195495,2,0
195495,2,0
195495,2,0
195495,2,0
195495,2,0
195495,2,0
195495,2,0
195495,2,0
195495,2,0
195495,2,0
195495,2,0
119208,5,0
54696,7,0
318120,3,0
318120,3,0
318120,3,0
318120,3,0
318120,3,0
318120,3,0
393384,2,0
393384,2,0
393384,2,0
175785,0,2
111273,3,0
111273,3,0
111273,3,0
114345,4,1
114345,4,1
114345,4,1
114345,4,1
114345,4,1
114345,4,1
211113,3,0
313002,3,1
317610,3,0
405930,3,0
277674,7,0
277674,7,0
149418,2,0
283050,3,0
295851,4,0
165291,2,0
382635,3,0
56235,6,0
255147,3,0
255147,3,0
255147,3,0
255147,3,0
134571,0,0
303276,5,0
303276,5,0
303276,5,0
53421,6,0
313518,0,1
313518,0,1
313518,0,1
313518,0,1
313518,0,1
313518,0,1
313518,0,1
313518,0,1
313518,0,1
313518,0,1
313518,0,1
313518,0,1
313518,0,1
143022,4,0
226734,4,0
226734,4,0
309423,4,1
309423,4,1
254895,4,1
324015,4,0
324015,4,0
261807,5,0
103344,0,0
307632,4,0
46512,3,1
310704,0,0
328368,3,1
328368,3,1
147120,3,0
34737,5,0
167601,3,0
167601,3,0
172977,5,1
172977,5,1
239793,2,0
239793,2,0
312753,4,1
252081,0,0
252081,0,0
252081,0,0
252081,0,0
252081,0,0
258225,5,1
327858,0,0
327858,0,0
412338,8,0
144819,4,1
14259,5,1
302772,0,0
302772,0,0
189108,0,0
189108,0,0
68532,4,2
359604,3,0
234165,3,0
188085,0,0
96693,0,0
96693,0,0
96693,0,0
96693,0,0
96693,0,0
170934,0,0
43446,2,0
353718,7,1
382647,0,0
64695,6,1
221367,4,0
63672,6,0
73656,0,0
348600,4,1
232377,4,0
232377,4,0
197049,3,0
197049,3,0
197049,3,0
197049,3,0
197049,3,0
197049,3,0
398265,4,1
274617,3,1
47034,5,2
114618,4,1
114618,4,1
90810,3,0
90810,3,0
295611,3,0
295611,3,0
295611,3,0
295611,3,0
295611,3,0
295611,3,0
295611,3,0
381372,3,0
381372,3,0
381372,3,0
215484,3,0
94908,5,0
178365,4,2
136125,3,0
231870,4,0
231870,4,0
231870,4,0
231870,4,0
231870,4,0
304062,2,0
48318,0,0
48318,0,0
22206,3,0
167103,0,0
339135,4,0
339135,4,0
161727,3,0
161727,3,0
43200,3,0
43200,3,0
49344,5,0
262848,3,1
262848,3,1
164289,2,0
261057,3,0
40386,6,1
40386,6,1
40386,6,1
40386,6,1
40386,6,1
40386,6,1
40386,6,1
40386,6,1
40386,6,1
40386,6,1
40386,6,1
40386,6,1
40386,6,1
450,3,0
450,3,0
219330,0,0
109251,3,1
109251,3,1
109251,3,1
109251,3,1
109251,3,1
109251,3,1
235716,3,0
307908,3,1
126660,5,0
78276,3,1
416964,0,1
359364,7,1
73158,6,0
159942,4,1
265671,0,0
281799,6,1
281799,6,1
281799,6,1
281799,6,1
281799,6,1
281799,6,1
57288,4,0
57288,4,0
57288,4,0
74952,3,0
74952,3,0
74952,3,0
208584,0,0
108489,2,1
108489,2,1
108489,2,1
108489,2,1
2505,2,1
99786,4,0
125898,5,1
330186,5,0
92874,5,0
92874,5,0
92874,5,0
92874,5,0
369099,6,0
238539,2,0
238539,2,0
238539,2,0
238539,2,0
238539,2,0
238539,2,0
74187,3,2
74187,3,2
213963,3,0
220107,6,0
287691,2,1
287691,2,1
287691,2,1
287691,2,1
287691,2,1
287691,2,1
287691,2,1
204,3,0
329676,6,0
329676,6,0
341196,3,0
341196,3,0
370638,5,0
177102,5,1
177102,5,1
177102,5,1
183246,3,0
208590,4,0
166863,2,1
191439,0,1
119760,2,0
316368,0,2
324048,6,1
269520,5,0
271824,5,0
271824,5,0
271824,5,0
271824,5,0
271824,5,0
271824,5,0
84432,4,2
156624,0,0
156624,0,0
118737,4,1
29649,4,0
34002,2,1
168402,4,0
45522,0,0
56274,0,0
405714,5,1
405714,5,1
32466,0,1
305619,6,0
188883,7,1
255699,3,1
255699,3,1
277203,4,0
205524,3,0
83412,0,0
83412,0,0
83412,0,0
412884,5,0
118485,6,1
118485,6,1
27861,0,0
377046,3,0
162774,3,1
162774,3,1
162774,3,1
162774,3,1
256215,5,1
256215,5,1
65751,5,0
274647,0,0
182232,3,0
58329,5,0
58329,5,0
62937,4,1
25305,3,1
25305,3,1
25305,3,1
130266,4,0
274650,3,0
406746,6,0
36315,2,0
43995,5,0
43995,5,0
43995,5,0
43995,5,0
43995,5,0
43995,5,0
43995,5,0
43995,5,0
43995,5,0
43995,5,0
43995,5,0
43995,5,0
43995,5,0
43995,5,0
43995,5,0
43995,5,0
43995,5,0
268251,3,2
77019,4,1
77019,4,1
77019,4,1
77019,4,1
77019,4,1
77019,4,1
77019,4,1
77019,4,1
77019,4,1
77019,4,1
316125,4,0
316125,4,0
6621,3,1
6621,3,1
6621,3,1
352221,2,1
202206,0,0
367071,3,1
367071,3,1
238815,3,1
262623,4,0
262623,4,0
262623,4,0
262623,4,0
36576,3,0
36576,3,0
48096,6,0
151776,5,1
45537,3,0
45537,3,0
111585,3,1
4065,3,0
417249,4,1
417249,4,1
42978,2,1
42978,2,1
42978,2,1
255714,6,0
287202,3,0
230115,6,0
36579,0,1
239331,5,0
239331,5,0
239331,5,0
239331,5,0
371427,3,0
52707,5,0
330723,5,0
280803,3,0
280803,3,0
280803,3,0
280803,3,0
280803,3,0
27363,4,1
103908,3,1
183012,4,0
328164,2,0
178149,3,0
317925,6,0
215013,2,0
379623,6,0
379623,6,0
141543,6,0
28647,2,0
301032,3,1
244968,2,1
417000,6,0
34026,3,0
368106,3,1
118506,0,0
234,4,0
234,4,0
198378,3,0
265962,0,0
266730,6,0
291306,0,0
101355,3,0
382443,4,0
261867,3,0
261867,3,0
261867,3,0
412395,4,1
350955,7,1
288747,3,0
33516,0,0
33516,0,0
122604,4,0
122604,4,0
122604,4,0
260334,6,0
260334,6,0
260334,6,0
84462,4,1
324591,4,0
77295,4,0
77295,4,0
77295,4,0
77295,4,0
22767,4,1
30447,3,0
30447,3,0
30447,3,0
30447,3,0
30447,3,0
32751,4,0
32751,4,0
50928,0,0
382704,3,0
382704,3,0
382704,3,0
382704,3,0
382704,3,0
382704,3,0
382704,3,0
414192,0,0
414192,0,0
230385,4,1
196593,0,0
137457,4,1
137457,4,1
293361,4,1
293361,4,1
293361,4,1
293361,4,1
293361,4,1
293361,4,1
367602,0,0
68850,5,0
163314,6,0
163314,6,0
163314,6,0
279027,5,1
97011,3,0
117492,3,1
117492,3,1
117492,3,1
117492,3,1
117492,3,1
117492,3,1
117492,3,1
59892,2,0
59892,2,0
147444,3,0
415476,0,0
29940,3,1
118773,2,1
194805,3,0
194805,3,0
194805,3,0
402933,6,1
91125,0,0
91125,0,0
48630,6,0
48630,6,0
113655,4,0
397047,6,0
409335,4,0
38904,0,1
223737,4,0
40698,2,0
40698,2,0
40698,2,0
40698,2,0
40698,2,0
323322,2,0
407802,0,0
88314,5,1
25338,6,0
92922,6,0
94458,4,1
39675,4,1
257787,4,2
206331,0,0
286971,0,0
123900,4,2
123900,4,2
377085,3,0
377085,3,0
316413,4,1
136701,3,1
308478,3,1
308478,3,1
308478,3,1
308478,3,1
1278,2,0
276222,0,1
276222,0,1
259071,4,1
259071,4,1
259071,4,1
259071,4,1
331263,0,0
273663,3,0
209151,7,0
209151,7,0
89343,7,0
335616,7,1
335616,7,1
335616,7,1
335616,7,1
335616,7,1
335616,7,1
335616,7,1
335616,7,1
335616,7,1
142080,0,0
280320,0,0
280320,0,0
90624,5,1
90624,5,1
95232,3,0
353025,0,0
353025,0,0
34050,3,0
47106,0,1
47106,0,1
147714,3,0
422658,6,0
109059,3,0
120579,0,0
400899,4,0
310020,5,0
310020,5,0
310020,5,0
310020,5,0
310020,5,0
310020,5,0
310020,5,0
310020,5,0
196356,4,1
196356,4,1
196356,4,1
196356,4,1
196356,4,1
327684,2,2
206340,3,0
100869,4,2
298245,7,0
298245,7,0
298245,7,0
180741,4,0
50949,5,1
255237,3,1
231942,0,0
231942,0,0
231942,0,0
307974,3,0
345606,0,1
163848,5,1
39432,6,0
240648,4,1
240648,4,1
240648,4,1
240648,4,1
240648,4,1
240648,4,1
57864,6,0
326664,5,0
29448,6,0
160776,0,0
358920,4,1
364809,5,1
314121,5,2
314121,5,2
314121,5,2
314121,5,2
314121,5,2
314121,5,2
314121,5,2
314121,5,2
314121,5,2
389130,4,0
217866,4,1
286986,4,1
243723,0,1
258315,4,1
270348,0,1
222732,5,0
49677,5,0
187917,3,0
4365,0,0
204813,2,0
188430,6,0
198414,4,1
6414,5,1
6414,5,1
6414,5,1
14094,6,1
14094,6,1
14094,6,1
14094,6,1
14094,6,1
14094,6,1
14094,6,1
157710,6,0
157710,6,0
199695,3,0
218127,6,0
218127,6,0
218127,6,0
218127,6,0
218127,6,0
218127,6,0
218127,6,0
218127,6,0
218127,6,0
218127,6,0
218127,6,0
218127,6,0
218127,6,0
218127,6,0
221199,3,0
231696,5,0
130320,6,0
18960,4,1
417552,6,0
90384,5,0
231441,4,0
64017,3,1
35091,7,1
333075,6,0
353043,6,0
353043,6,0
353043,6,0
353043,6,0
353043,6,0
353043,6,0
353043,6,0
353043,6,0
353043,6,0
353043,6,0
353043,6,0
353043,6,0
353043,6,0
401172,6,0
401172,6,0
401172,6,0
401172,6,0
401172,6,0
401172,6,0
401172,6,0
142356,3,0
277524,0,0
166677,2,1
304917,0,0
112149,4,0
112149,4,0
46869,4,0
46869,4,0
46869,4,0
46869,4,0
46869,4,0
44310,5,1
44310,5,1
44310,5,1
190230,6,0
271638,0,0
290070,4,1
290070,4,1
290070,4,1
290070,4,1
129303,2,0
87063,0,0
87063,0,0
87063,0,0
300312,5,1
300312,5,1
300312,5,1
198168,4,1
341784,5,1
341784,5,1
341784,5,1
22296,6,1
22296,6,1
22296,6,1
22296,6,1
22296,6,1
22296,6,1
22296,6,1
22296,6,1
22296,6,1
103449,4,1
107289,2,0
107289,2,0
107289,2,0
107289,2,0
4377,7,0
251418,3,0
251418,3,0
401946,0,2
82458,6,0
82458,6,0
82458,6,0
82458,6,0
82458,6,0
82458,6,0
150042,4,0
23322,3,0
299547,4,0
417051,8,1
417051,8,1
417051,8,1
417051,8,1
417051,8,1
24603,4,0
385308,4,0
385308,4,0
58140,3,0
58140,3,0
58140,3,0
324636,0,0
194076,3,1
283932,4,1
283932,4,1
239133,0,0
242973,3,0
378909,6,0
184605,4,0
407325,3,1
407325,3,1
407325,3,1
407325,3,1
407325,3,1
407325,3,1
107550,3,0
380190,3,0
54558,0,0
54558,0,0
54558,0,0
66078,6,2
66078,6,2
3102,3,1
298527,3,0
298527,3,0
298527,3,0
185631,6,1
185631,6,1
66591,3,1
66591,3,1
136992,3,0
136992,3,0
403488,0,0
89376,4,0
291360,0,0
43809,5,0
167715,3,0
167715,3,0
167715,3,0
167715,3,0
167715,3,0
167715,3,0
167715,3,0
167715,3,0
167715,3,0
167715,3,0
167715,3,0
167715,3,0
125475,3,1
149283,0,0
149283,0,0
149283,0,0
94755,6,0
140580,6,0
409380,5,0
229413,3,0
135717,6,0
179238,2,0
196902,7,0
138534,5,1
300327,5,0
327207,5,1
4647,6,0
294183,5,2
294183,5,2
294183,5,2
294183,5,2
294183,5,2
294183,5,2
294183,5,2
305448,3,0
61224,3,0
156456,6,0
26664,2,0
272169,4,0
412713,4,1
412713,4,1
412713,4,1
412713,4,1
412713,4,1
423465,5,1
423465,5,1
423465,5,1
423465,5,1
423465,5,1
423465,5,1
423465,5,1
423465,5,1
423465,5,1
423465,5,1
423465,5,1
423465,5,1
423465,5,1
423465,5,1
423465,5,1
423465,5,1
423465,5,1
59946,6,0
397098,3,1
397098,3,1
397098,3,1
397098,3,1
397098,3,1
319020,3,1
97068,6,0
138285,4,0
208941,0,0
280365,8,1
157485,0,2
356397,5,1
356397,5,1
356397,5,1
112686,5,0
339246,3,0
339246,3,0
339246,3,0
339246,3,0
339246,3,0
339246,3,0
339246,3,0
221742,3,0
221742,3,0
221742,3,0
221742,3,0
61743,0,0
4143,3,0
15663,4,0
83247,5,0
209712,3,1
209712,3,1
215601,6,0
379698,2,1
379698,2,1
379698,2,1
379698,2,1
379698,2,1
379698,2,1
379698,2,1
379698,2,1
379698,2,1
379698,2,1
379698,2,1
385842,0,0
13362,0,0
13362,0,0
13362,0,0
264243,3,0
264243,3,0
264243,3,0
264243,3,0
264243,3,0
264243,3,0
264243,3,0
264243,3,0
264243,3,0
264243,3,0
264243,3,0
264243,3,0
264243,3,0
264243,3,0
264243,3,0
264243,3,0
264243,3,0
264243,3,0
264243,3,0
264243,3,0
264243,3,0
264243,3,0
264243,3,0
264243,3,0
264243,3,0
264243,3,0
264243,3,0
264243,3,0
264243,3,0
264243,3,0
264243,3,0
264243,3,0
264243,3,0
264243,3,0
264243,3,0
264243,3,0
264243,3,0
264243,3,0
264243,3,0
264243,3,0
39732,6,1
215349,5,0
32565,0,0
32565,0,0
32565,0,0
240438,6,0
391734,3,0
35127,4,0
35127,4,0
277815,6,0
231480,0,0
143928,3,1
302649,5,0
245049,4,0
179769,0,0
320313,4,2
189753,4,0
22329,6,0
22329,6,0
104250,7,0
305466,5,0
220986,6,1
220986,6,1
157242,4,0
406587,0,0
292155,4,2
292155,4,2
292155,4,2
309564,3,2
245052,2,0
57660,0,0
84540,5,0
216636,5,0
409917,4,0
362046,2,0
245310,3,0
407358,5,0
24894,5,0
24894,5,0
24894,5,0
24894,5,0
24894,5,0
24894,5,0
24894,5,0
289086,4,1
289086,4,1
305727,3,1
305727,3,1
34368,4,0
9792,3,0
18240,2,0
416832,3,0
416832,3,0
416832,3,0
29760,4,0
99393,4,0
120897,0,0
229698,0,0
211266,4,2
107331,0,0
107331,0,0
321603,0,0
155715,3,0
130116,4,1
292932,3,0
42309,6,0
42309,6,0
273477,4,1
273477,4,1
273477,4,1
167238,6,0
108870,4,0
108870,4,0
108870,4,0
108870,4,0
108870,4,0
108870,4,0
108870,4,0
108870,4,0
108870,4,0
108870,4,0
108870,4,0
280902,3,0
280902,3,0
413766,4,2
413766,4,2
54087,0,0
320583,3,0
150855,0,0
150855,0,0
415047,0,0
387912,4,0
387912,4,0
223560,2,1
166473,3,0
366921,5,0
366921,5,0
175689,0,0
175689,0,0
175689,0,0
175689,0,0
175689,0,0
118089,6,1
118089,6,1
65097,3,0
330057,3,0
77385,0,0
220233,3,0
220233,3,0
220233,3,0
356169,3,0
249930,7,1
249930,7,1
249930,7,1
249930,7,1
249930,7,1
249930,7,1
249930,7,1
249930,7,1
249930,7,1
249930,7,1
123978,6,1
325962,4,0
355146,4,0
368715,3,0
368715,3,0
368715,3,0
368715,3,0
368715,3,0
368715,3,0
368715,3,0
368715,3,0
210507,4,0
210507,4,0
30795,5,0
230220,5,0
221004,4,0
247629,4,0
247629,4,0
247629,4,0
247629,4,0
265293,0,0
209997,4,0
209997,4,0
351309,4,2
186702,6,0
414798,3,1
414798,3,1
87630,4,0
87630,4,0
87630,4,0
87630,4,0
87630,4,0
87630,4,0
424014,3,0
364623,2,1
364623,2,1
179535,0,0
389199,3,0
389199,3,0
389199,3,0
81999,0,1
217167,7,0
309072,6,1
117840,4,1
117840,4,1
117840,4,1
117840,4,1
117840,4,1
117840,4,1
193872,3,0
193872,3,0
11088,4,0
11088,4,0
11088,4,0
11088,4,0
217680,2,0
155472,0,1
4689,4,0
202065,3,0
202065,3,0
286545,4,0
354897,4,0
354897,4,0
354897,4,0
354897,4,0
354897,4,0
174162,4,1
81234,5,2
173907,3,0
51795,5,1
421203,4,0
421203,4,0
421203,4,0
421203,4,0
170325,0,0
170325,0,0
170325,0,0
170325,0,0
170325,0,0
52821,6,0
383829,4,0
128853,4,1
400725,5,0
210261,3,0
164694,5,0
138582,4,0
79446,6,0
79446,6,0
319575,4,0
319575,4,0
204375,3,0
370008,3,0
370008,3,0
370008,3,0
210264,0,0
210264,0,0
210264,0,0
210264,0,0
210264,0,0
210264,0,0
210264,0,0
233817,5,0
116313,6,0
385113,0,0
389721,6,1
137817,3,2
137817,3,2
137817,3,2
137817,3,2
137817,3,2
137817,3,2
137817,3,2
137817,3,2
175962,4,0
175962,4,0
175962,4,0
333402,3,1
333402,3,1
333402,3,1
333402,3,1
333402,3,1
333402,3,1
333402,3,1
333402,3,1
333402,3,1
333402,3,1
137562,0,0
137562,0,0
409434,3,1
209244,2,0
226908,3,0
56925,3,1
56925,3,1
258909,0,0
403293,4,0
287325,5,0
248670,3,2
9054,2,0
207198,0,0
411486,3,1
411486,3,1
334431,5,0
411231,5,0
351327,3,1
7776,0,0
174177,2,1
174177,2,1
174177,2,1
174177,2,1
174177,2,1
174177,2,1
283233,6,0
292449,4,0
343650,3,0
234339,2,1
169059,4,1
157539,2,1
300132,4,0
139620,3,0
219492,0,0
364389,3,0
301158,4,0
391782,2,0
286566,4,0
192615,5,1
192615,5,1
63591,3,0
63591,3,0
63591,3,0
385128,4,0
260712,4,0
260712,4,0
260712,4,0
395112,3,0
3432,2,0
3432,2,0
273768,7,0
307305,6,1
307305,6,1
307305,6,1
307305,6,1
307305,6,1
307305,6,1
307305,6,1
307305,6,1
307305,6,1
307305,6,1
70761,2,0
167274,3,0
400746,4,1
226410,3,0
97386,5,0
97386,5,0
97386,5,0
48747,3,1
340587,2,1
281451,4,1
281451,4,1
281451,4,1
281451,4,1
281451,4,1
281451,4,1
162924,0,0
114288,5,0
53616,3,0
254832,3,0
254832,3,0
254832,3,0
254832,3,0
254832,3,0
405360,4,0
413808,6,0
170097,6,0
306546,4,0
129138,6,0
129138,6,0
129138,6,0
129138,6,0
129138,6,0
129138,6,0
129138,6,0
129138,6,0
129138,6,0
129138,6,0
129138,6,0
341106,4,0
341106,4,0
341106,4,0
341106,4,0
217458,6,0
159090,0,0
159090,0,0
159090,0,0
363123,4,1
363123,4,1
363123,4,1
363123,4,1
363123,4,1
363123,4,1
363123,4,1
363123,4,1
363123,4,1
363123,4,1
363123,4,1
363123,4,1
347508,2,0
347508,2,0
296565,0,0
314997,4,0
314997,4,0
314997,4,0
53109,4,0
1653,4,0
1653,4,0
1653,4,0
353910,0,0
316791,4,1
295032,5,0
240249,4,1
49785,3,1
49785,3,1
60537,3,0
60537,3,0
330105,3,0
200313,3,0
76665,2,1
91002,4,1
362619,6,0
362619,6,0
362619,6,0
374907,5,1
327291,4,1
131451,0,0
328827,4,0
215163,3,0
70524,5,0
70524,5,0
70524,5,0
340860,2,0
341628,6,1
290940,5,0
281469,3,1
92541,0,0
293757,0,0
374910,3,0
109695,4,1
51327,3,2
320895,4,1
171136,0,1
323200,3,0
76672,4,0
233857,0,0
388993,3,0
405121,3,0
405121,3,0
87169,3,0
87169,3,0
87169,3,0
87169,3,0
87169,3,0
87169,3,0
70786,4,0
70786,4,0
70786,4,0
91522,3,1
288898,6,0
288898,6,0
358786,4,0
358786,4,0
109699,5,2
324739,4,0
324739,4,0
324739,4,0
45445,4,1
132997,3,0
132997,3,0
132997,3,0
132997,3,0
132997,3,0
421765,3,0
421765,3,0
421765,3,0
421765,3,0
421765,3,0
421765,3,0
421765,3,0
421765,3,0
421765,3,0
421765,3,0
421765,3,0
42118,5,0
201862,4,2
201862,4,2
201862,4,2
201862,4,2
201862,4,2
201862,4,2
356230,2,0
117127,7,1
117127,7,1
117127,7,1
117127,7,1
117127,7,1
332935,3,0
252808,2,0
265096,0,0
402568,4,0
65929,3,0
65929,3,0
65929,3,0
65929,3,0
65929,3,0
65929,3,0
65929,3,0
65929,3,0
65929,3,0
65929,3,0
65929,3,0
65929,3,0
65929,3,0
649,4,0
230026,0,0
319114,3,1
157834,6,0
32650,3,1
32650,3,1
32650,3,1
32650,3,1
32650,3,1
32650,3,1
32650,3,1
410251,6,2
224395,0,1
224395,0,1
299404,6,1
296845,5,0
374413,4,0
382093,2,0
153997,0,1
233614,5,1
56974,4,1
259726,3,0
259726,3,0
259726,3,0
259726,3,0
259726,3,0
128911,4,1
285583,6,0
417679,7,0
417679,7,0
37264,5,1
172432,3,0
319888,5,1
47761,4,2
289681,6,0
26002,2,0
34963,5,0
121747,7,0
193171,3,0
267667,3,1
377236,3,0
377236,3,0
53908,6,0
373141,4,0
391573,3,1
397717,0,0
309142,3,0
309142,3,0
140950,4,0
140950,4,0
358039,0,0
285592,6,0
98713,3,0
230809,6,0
230809,6,0
181657,4,0
53401,4,0
60313,6,0
60313,6,0
205465,4,1
165274,3,0
302746,5,0
3994,4,0
357274,5,0
368284,3,1
368284,3,1
110236,4,0
316060,6,2
194716,6,0
241309,3,0
241309,3,0
241309,3,0
157,0,0
157,0,0
157,0,0
157,0,0
157,0,0
157,0,0
287389,0,0
287389,0,0
287389,0,0
287389,0,0
287389,0,0
287389,0,0
287389,0,0
287389,0,0
287389,0,0
287389,0,0
287389,0,0
287389,0,0
287389,0,0
213406,6,0
289438,4,0
127135,6,0
405151,4,2
405151,4,2
405151,4,2
405151,4,2
166048,3,1
166048,3,1
55456,3,0
160,0,0
139168,3,0
415393,4,0
126370,4,0
61858,2,0
61858,2,0
61858,2,0
301219,2,1
301219,2,1
404899,4,1
30115,5,0
389284,3,0
281764,0,0
281764,0,0
92836,4,0
173221,4,0
120997,4,1
120997,4,1
2725,5,1
364711,5,0
113575,3,0
60583,6,0
297640,5,2
297640,5,2
297640,5,2
183976,3,0
94120,3,1
94120,3,1
126379,3,0
33196,4,0
33196,4,0
33196,4,0
33964,6,2
184492,7,0
187564,5,0
187564,5,0
360877,4,0
231085,0,0
116653,4,0
70573,5,0
413101,3,0
417709,4,0
417709,4,0
417709,4,0
417709,4,0
417709,4,0
25261,3,0
200878,3,1
409774,3,0
409774,3,0
409774,3,0
409774,3,0
52399,2,0
142255,3,0
142255,3,0
142255,3,0
142255,3,0
142255,3,0
207280,0,0
114865,4,0
255409,3,0
324529,3,0
209329,6,0
300466,2,1
199090,5,0
353458,3,0
353458,3,0
365491,0,0
242611,2,0
310963,0,0
321715,0,1
275635,3,0
275635,3,0
275635,3,0
275635,3,0
22195,0,0
170932,5,0
402868,3,0
402868,3,0
402868,3,0
343732,5,2
343732,5,2
343732,5,2
343732,5,2
362677,2,0
381109,5,0
27829,2,0
27829,2,0
358837,3,0
358837,3,0
358837,3,0
248758,6,0
406966,5,0
28342,6,0
423094,5,2
423094,5,2
423094,5,2
423094,5,2
114103,6,1
114103,6,1
48823,6,1
312247,2,0
124855,6,0
335800,0,0
335800,0,0
408760,0,0
408760,0,0
408760,0,0
408760,0,0
6073,4,0
273337,3,0
343738,3,1
343738,3,1
343738,3,1
343738,3,1
392635,4,2
68539,3,0
325564,3,0
325564,3,0
74428,0,0
74428,0,0
74428,0,0
74428,0,0
288700,0,0
360637,0,0
307390,5,0
378046,4,0
399550,3,0
399550,3,0
399550,3,0
399550,3,0
399550,3,0
399550,3,0
399550,3,0
399550,3,0
399550,3,0
399550,3,0
399550,3,0
401086,3,1
401086,3,1
156862,2,0
103615,0,0
103615,0,0
103615,0,0
386239,0,0
9151,0,0
9151,0,0
9151,0,0
9151,0,0
17599,4,0
158143,6,1
145600,3,0
410560,3,0
410560,3,0
229825,3,0
302017,4,2
302017,4,2
302017,4,2
302017,4,2
302017,4,2
302017,4,2
302017,4,2
43969,6,1
128449,3,0
244162,3,0
403906,4,1
217282,5,0
174019,3,1
174019,3,1
218563,3,0
218563,3,0
94147,3,0
94147,3,0
94147,3,0
356803,6,0
166852,4,0
36292,3,0
7108,0,0
278980,3,0
89284,0,0
114373,4,1
320197,0,0
36550,3,0
36550,3,0
36550,3,0
36550,3,0
36550,3,0
318406,0,1
1990,4,0
1990,4,0
232135,3,1
103111,0,0
172999,2,1
172999,2,1
172999,2,1
120007,5,1
62407,0,0
272839,4,0
354247,6,0
261832,5,2
44233,5,0
44233,5,0
44233,5,0
129481,4,1
94153,2,1
28873,5,0
28873,5,0
28873,5,0
28873,5,0
229321,4,1
305866,3,0
305866,3,0
14026,5,1
377035,4,0
124363,0,0
257227,0,1
19915,4,1
19915,4,1
372685,2,0
38350,0,0
48334,4,0
183502,4,0
328654,4,0
337102,4,0
159694,3,0
159694,3,0
159694,3,0
295375,6,0
322255,3,1
322255,3,1
322255,3,1
264655,2,0
333007,3,0
209359,0,0
288976,3,0
360913,5,0
81106,6,0
81106,6,0
81106,6,0
81106,6,0
81106,6,0
81106,6,0
81106,6,0
81106,6,0
81106,6,0
345811,0,0
218323,0,0
100564,0,2
68308,2,0
68308,2,0
280276,3,0
369877,4,0
369877,4,0
369877,4,0
369877,4,0
369877,4,0
369877,4,0
369877,4,0
369877,4,0
258517,3,0
258517,3,0
258517,3,0
265429,3,0
161749,6,0
305878,4,0
114646,3,1
328150,0,0
26326,4,1
421846,4,0
193495,3,0
342487,3,0
7384,4,0
7384,4,0
175321,3,1
341209,4,1
341209,4,1
16345,4,0
16345,4,0
16345,4,0
16345,4,0
156121,3,1
156121,3,1
156121,3,1
156121,3,1
293593,3,1
293593,3,1
293593,3,1
293593,3,1
293593,3,1
301018,6,0
287962,6,0
264667,4,1
264667,4,1
264667,4,1
349147,0,2
248284,3,0
248284,3,0
315100,2,0
315100,2,0
315100,2,0
315100,2,0
421084,2,0
36061,0,0
302557,0,0
302557,0,0
250333,5,0
4573,3,0
4573,3,0
4573,3,0
4573,3,0
4573,3,0
4573,3,0
4573,3,0
416734,2,0
388831,3,0
168928,5,0
205024,3,0
158176,5,1
158176,5,1
158176,5,1
180193,4,0
180193,4,0
383713,4,2
144097,2,0
173026,6,0
173026,6,0
308194,2,1
255202,4,0
994,3,0
202978,5,1
202978,5,1
76258,0,0
76258,0,0
76258,0,0
76258,0,0
76258,0,0
76258,0,0
76258,0,0
76258,0,0
76258,0,0
76258,0,0
76258,0,0
171235,3,0
171235,3,0
111331,0,1
739,3,1
343267,2,0
350179,5,2
103396,3,0
316132,0,0
316132,0,0
316132,0,0
146404,6,0
146404,6,0
146404,6,0
146404,6,0
146404,6,0
217060,3,1
217060,3,1
245989,6,2
245989,6,2
245989,6,2
199141,5,0
231142,4,0
411622,4,0
228070,0,0
228070,0,0
376039,0,0
200935,5,0
5095,2,1
5095,2,1
278503,3,1
279271,4,2
279271,4,2
279271,4,2
279271,4,2
236776,2,0
179944,3,0
262120,3,1
13288,0,0
29674,3,0
29674,3,0
366571,3,0
198379,4,0
198379,4,0
151531,0,0
90091,3,0
90091,3,0
306925,2,1
8173,8,0
206317,3,0
206317,3,0
206317,3,0
314350,6,1
70894,3,1
70894,3,1
22510,3,1
119023,3,0
119023,3,0
258031,0,1
55792,3,0
121840,4,0
65776,4,0
98545,3,0
159217,4,0
249844,5,0
261364,3,0
65524,4,1
143092,6,0
156148,3,1
156148,3,1
156148,3,1
302326,5,0
243190,3,2
197878,4,1
336118,5,2
151030,0,0
151030,0,0
151030,0,0
151030,0,0
120823,4,0
416503,4,2
416503,4,2
416503,4,2
416503,4,2
293623,4,0
35320,6,1
255736,5,0
322552,3,0
322552,3,0
397816,5,0
421624,3,0
109561,0,0
121849,6,0
121849,6,0
121849,6,0
121849,6,0
121849,6,0
121849,6,0
121849,6,0
337657,3,1
172282,4,0
172282,4,0
107002,6,0
26362,3,1
26362,3,1
26362,3,1
26362,3,1
26362,3,1
26362,3,1
26362,3,1
26362,3,1
46075,5,0
336892,4,0
23548,3,2
242173,2,0
242173,2,0
242173,2,0
242173,2,0
242173,2,0
242173,2,0
242173,2,0
242173,2,0
244477,7,0
378109,6,0
378109,6,0
378109,6,0
352765,3,0
352765,3,0
122110,0,0
279550,4,0
67327,2,0
140287,3,0
283135,4,1
225535,2,0
225535,2,0
225535,2,0
225535,2,0
225535,2,0
225535,2,0
361216,5,0
40960,3,1
121600,3,0
154624,0,0
172033,3,1
148993,7,2
148993,7,2
148993,7,2
148993,7,2
148993,7,2
148993,7,2
92161,6,0
124930,6,0
131074,0,0
71938,5,0
308227,4,0
404227,3,1
99076,5,1
99076,5,1
106756,3,0
414724,3,0
414724,3,0
357892,2,1
230149,3,0
230149,3,0
230149,3,0
230149,3,0
230149,3,0
230149,3,0
230149,3,0
230149,3,0
230149,3,0
238597,3,0
59653,4,1
387589,3,0
365062,2,0
40966,0,0
174598,5,0
408838,4,1
364807,4,0
364807,4,0
176647,0,0
393223,0,1
399367,5,0
399367,5,0
399367,5,0
342535,4,0
16135,0,0
16135,0,0
17671,4,0
17671,4,0
17671,4,0
231688,4,0
386824,5,0
263176,2,0
263176,2,0
284680,0,2
358408,4,0
358408,4,0
358408,4,0
358408,4,0
358408,4,0
358408,4,0
267529,6,0
267529,6,0
267529,6,0
126730,5,1
126730,5,1
126730,5,1
126730,5,1
126730,5,1
126730,5,1
420874,4,0
420874,4,0
420874,4,0
420874,4,0
420874,4,0
420874,4,0
233227,3,1
325387,0,0
82699,4,0
82699,4,0
289036,0,1
85261,5,0
85261,5,0
85261,5,0
26893,0,0
61966,2,0
154126,6,1
154126,6,1
154126,6,1
154126,6,1
63247,3,0
83215,3,1
307984,0,1
251152,5,0
101137,3,1
101137,3,1
101137,3,1
101137,3,1
101137,3,1
101137,3,1
192529,4,0
123154,4,1
203794,6,0
86290,0,1
94738,2,0
170515,3,0
178195,0,0
178195,0,0
139027,2,1
16915,4,2
16915,4,2
16915,4,2
16915,4,2
221971,5,1
421651,3,0
174868,4,1
260116,2,0
339220,3,0
339220,3,0
278548,5,0
84244,4,1
152596,0,0
152596,0,0
331285,4,1
403477,5,0
278293,4,0
278293,4,0
278293,4,0
17173,4,0
148501,6,1
148501,6,1
114454,3,0
318742,2,0
266518,0,0
266518,0,0
266518,0,0
9238,3,1
354838,4,0
374551,3,0
66583,4,0
66583,4,0
66583,4,0
96535,4,0
96535,4,0
96535,4,0
182296,4,0
58648,2,1
33817,8,0
304153,4,2
304153,4,2
244249,4,0
245785,4,1
366106,4,0
300826,5,0
300826,5,0
117274,0,1
137242,0,0
334618,5,0
334618,5,0
334618,5,0
334618,5,0
64027,3,1
64027,3,1
359707,4,1
373276,4,0
330268,3,0
410140,4,0
411421,4,1
375070,4,0
280606,3,0
303136,3,1
313888,3,0
91936,4,0
91936,4,0
289312,4,0
289312,4,0
289312,4,0
120097,3,0
120097,3,0
284962,4,0
71203,2,0
277027,2,1
412195,7,0
412195,7,0
412195,7,0
412195,7,0
412195,7,0
412195,7,0
412195,7,0
412195,7,0
383524,5,0
383524,5,0
383524,5,0
196900,3,1
342820,7,0
342820,7,0
247333,6,0
247333,6,0
117541,2,0
278821,4,0
100390,4,0
192550,3,1
192550,3,1
192550,3,1
192550,3,1
29734,0,1
29734,0,1
29734,0,1
251431,0,0
251431,0,0
92455,3,0
92455,3,0
362536,3,0
362536,3,0
310312,4,1
310312,4,1
61480,0,0
365353,4,0
240169,3,1
111913,4,0
257065,4,1
212521,4,1
411433,0,0
152617,2,0
350761,7,0
350761,7,0
421162,3,0
31786,4,0
231211,4,0
232747,6,0
376876,4,0
55852,5,0
55852,5,0
128812,5,0
279340,7,0
317485,4,0
14893,0,0
14893,0,0
28717,6,0
28717,6,0
28717,6,0
28717,6,0
28717,6,0
28717,6,0
28717,6,0
28717,6,0
193582,4,0
193582,4,0
193582,4,0
193582,4,0
14638,5,0
324655,2,1
396079,6,0
396079,6,0
347695,5,0
89647,2,0
89647,2,0
89647,2,0
365104,6,0
365104,6,0
365104,6,0
381232,3,0
11056,6,0
363313,3,2
49969,4,1
327217,5,0
327217,5,0
244786,5,1
254002,3,0
305971,3,0
378931,4,1
378931,4,1
207667,0,0
207667,0,0
169780,4,2
169780,4,2
39220,0,0
377140,5,1
377140,5,1
377140,5,1
377140,5,1
406324,4,1
217396,4,1
418612,4,0
388405,6,0
388405,6,0
388405,6,0
388405,6,0
159541,3,1
159541,3,1
159541,3,1
159541,3,1
159541,3,1
159541,3,1
143158,4,0
361783,4,1
361783,4,1
168247,4,1
168247,4,1
372535,7,0
423991,0,2
60472,3,0
271672,4,2
212536,4,1
212536,4,1
98104,4,0
98104,4,0
98104,4,0
98104,4,0
206137,5,0
206137,5,0
206137,5,0
206137,5,0
206137,5,0
206137,5,0
14905,0,1
14905,0,1
14905,0,1
14905,0,1
14905,0,1
14905,0,1
14905,0,1
14905,0,1
14905,0,1
14905,0,1
14905,0,1
301882,3,0
175162,6,0
313402,3,0
313402,3,0
397114,5,0
397114,5,0
74554,5,0
74554,5,0
271162,4,0
179515,6,0
179515,6,0
181051,0,1
411451,4,2
411451,4,2
219451,3,1
365116,2,0
240700,2,0
179260,4,0
179260,4,0
315964,3,2
335164,0,1
272956,4,1
272956,4,1
272956,4,1
272956,4,1
272956,4,1
272956,4,1
272956,4,1
272956,4,1
121405,0,0
252733,5,0
215101,4,0
215101,4,0
215101,4,0
162109,4,0
162109,4,0
162109,4,0
179518,2,0
179518,2,0
179518,2,0
179518,2,0
404542,0,1
404542,0,1
404542,0,1
416062,4,0
371263,0,0
140095,3,0
294463,0,0
361024,4,0
248896,3,0
186688,6,0
392512,3,0
168769,2,1
44353,6,1
373057,3,1
296002,3,0
164419,0,0
380995,0,0
258883,0,0
258883,0,0
258883,0,0
258883,0,0
258883,0,0
258883,0,0
258883,0,0
258883,0,0
258883,0,0
258883,0,0
201283,6,0
201283,6,0
367684,0,0
367684,0,0
65860,3,1
73540,4,0
73540,4,0
142660,6,0
92740,6,0
92740,6,0
303685,6,0
374341,3,0
267589,4,0
203845,4,0
73285,4,1
73285,4,1
31045,3,1
31045,3,1
31045,3,1
31045,3,1
31045,3,1
31045,3,1
31045,3,1
31045,3,1
31045,3,1
328774,6,0
4678,6,0
158278,3,0
378439,0,1
262471,4,0
262471,4,0
5191,6,0
148039,3,0
280135,5,0
280135,5,0
27463,3,0
27463,3,0
269896,6,0
269896,6,0
414280,4,1
414280,4,1
414280,4,1
414280,4,1
188233,3,0
324169,0,0
307786,3,1
11338,3,1
19786,3,0
413770,0,0
413770,0,0
413770,0,0
413770,0,0
262219,3,0
262219,3,0
262219,3,0
262219,3,0
262219,3,0
262219,3,0
262219,3,0
262219,3,0
262219,3,0
262219,3,0
262219,3,0
95563,4,1
400204,4,1
73036,0,0
212812,4,0
108877,4,0
181837,0,2
60493,4,1
199501,2,0
199501,2,0
199501,2,0
199501,2,0
411469,0,0
411469,0,0
411469,0,0
411469,0,0
85069,4,1
127822,3,0
276814,3,1
211534,4,2
84814,2,0
390991,3,1
390991,3,1
390991,3,1
390991,3,1
21583,4,1
359503,2,1
37456,4,0
234064,6,1
244048,3,0
376144,6,0
376144,6,0
376144,6,0
376144,6,0
376144,6,0
260944,3,0
268624,0,1
51793,7,1
202321,3,0
137041,6,0
226129,2,1
226129,2,1
226129,2,1
172114,2,0
276562,0,0
93010,7,1
293458,4,2
15955,4,0
87892,6,0
87892,6,0
87892,6,0
129109,4,1
22357,3,0
104278,2,1
368470,3,1
368470,3,1
368470,3,1
368470,3,1
368470,3,1
368470,3,1
52054,5,1
385366,2,0
193366,4,1
193366,4,1
193366,4,1
270934,3,0
270934,3,0
270934,3,0
346966,5,0
225622,4,0
162646,3,0
269911,3,0
269911,3,0
269911,3,0
269911,3,0
269911,3,0
269911,3,0
172888,4,0
311128,0,0
131416,0,1
85336,0,0
245593,4,0
65113,3,1
409177,0,1
409177,0,1
117082,6,0
123994,6,0
263002,3,0
136282,4,0
136282,4,0
136282,4,0
136282,4,0
136282,4,0
136282,4,0
343642,6,0
343642,6,0
172891,0,0
258139,0,0
200539,4,1
14683,3,1
108892,3,0
108892,3,0
108892,3,0
182620,5,0
54364,4,0
54364,4,0
54364,4,0
299869,3,1
258397,3,2
198493,0,0
198493,0,0
198493,0,0
335197,0,0
335197,0,0
223069,4,0
292189,0,0
292189,0,0
299614,4,1
299614,4,1
299614,4,1
299614,4,1
299614,4,1
175198,5,1
139870,3,0
30046,3,0
30046,3,0
30046,3,0
30046,3,0
373855,7,0
196447,3,2
201823,8,0
269407,4,1
224863,4,0
362080,4,0
166240,6,0
166240,6,0
369760,5,0
116320,3,0
123232,2,0
67168,0,0
332896,4,1
140128,4,1
140128,4,1
140128,4,1
140128,4,1
140128,4,1
140128,4,1
140128,4,1
140128,4,1
140128,4,1
140128,4,1
140128,4,1
140128,4,1
140128,4,1
140128,4,1
232801,3,0
232801,3,0
392545,4,0
400225,3,1
341857,6,0
341857,6,0
341857,6,0
341857,6,0
341857,6,0
341857,6,0
341857,6,0
341857,6,0
341857,6,0
222817,6,0
224353,5,0
372322,3,0
47458,3,0
24418,3,0
28258,5,0
181603,3,0
181603,3,0
192355,5,0
127843,6,0
127843,6,0
325219,0,0
325219,0,0
345955,3,0
24163,2,0
383077,2,0
383077,2,0
383077,2,0
383077,2,0
323941,0,1
323941,0,1
253030,3,0
253030,3,0
253030,3,0
253030,3,0
253030,3,0
253030,3,0
253030,3,0
344422,0,0
252007,6,0
252007,6,0
252007,6,0
252007,6,0
252007,6,0
58471,0,0
210535,3,0
22375,7,0
89959,6,0
197224,3,1
197224,3,1
403048,4,0
229993,4,0
87913,3,2
25705,3,0
235882,2,0
122986,4,1
257386,3,0
397162,6,1
203626,4,1
254059,3,2
254059,3,2
254059,3,2
95083,4,0
263788,5,2
280684,2,1
127597,6,0
127597,6,0
127597,6,0
127597,6,0
127597,6,0
127597,6,0
127597,6,0
148078,3,2
302191,2,0
258415,6,1
258415,6,1
258415,6,1
258415,6,1
258415,6,1
258415,6,1
258415,6,1
258415,6,1
258415,6,1
258415,6,1
258415,6,1
258415,6,1
258415,6,1
258415,6,1
258415,6,1
258415,6,1
258415,6,1
258415,6,1
258415,6,1
258415,6,1
258415,6,1
258415,6,1
258415,6,1
258415,6,1
258415,6,1
258415,6,1
258415,6,1
258415,6,1
258415,6,1
258415,6,1
258415,6,1
258415,6,1
258415,6,1
258415,6,1
258415,6,1
258415,6,1
258415,6,1
258415,6,1
258415,6,1
258415,6,1
258415,6,1
258415,6,1
258415,6,1
258415,6,1
258415,6,1
258415,6,1
258415,6,1
258415,6,1
258415,6,1
258415,6,1
258415,6,1
258415,6,1
258415,6,1
258415,6,1
258415,6,1
258415,6,1
258415,6,1
258415,6,1
258415,6,1
258415,6,1
258415,6,1
258415,6,1
258415,6,1
258415,6,1
276079,6,1
276079,6,1
222319,5,0
222319,5,0
222319,5,0
222319,5,0
222319,5,0
160111,4,0
266608,3,0
147568,3,0
411760,5,0
351088,5,0
289648,4,1
289648,4,1
289648,4,1
289648,4,1
315505,3,0
315505,3,0
315505,3,0
315505,3,0
315505,3,0
315505,3,0
2929,0,1
2929,0,1
333169,7,0
152689,7,0
152689,7,0
295282,4,0
295282,4,0
295282,4,0
295282,4,0
299890,3,1
108658,4,0
120178,3,2
130930,5,0
130930,5,0
109171,2,1
63859,2,0
212851,4,0
228979,4,0
228979,4,0
103540,3,2
70516,3,2
70516,3,2
278644,5,0
155764,3,0
411253,3,0
365686,0,1
389494,4,0
389494,4,0
7798,0,0
7798,0,0
7798,0,0
7798,0,0
7798,0,0
7798,0,0
280438,5,1
280438,5,1
364663,3,0
364663,3,0
39799,7,0
333175,3,0
348535,3,1
233848,3,0
242296,4,1
242296,4,1
242296,4,1
242296,4,1
242296,4,1
242296,4,1
245368,3,1
316024,4,0
316024,4,0
113785,3,1
3193,2,0
3193,2,0
3193,2,0
3193,2,0
351097,6,1
33658,4,0
232570,3,0
232570,3,0
232570,3,0
232570,3,0
232570,3,0
184954,6,0
184954,6,0
413050,6,0
413050,6,0
413050,6,0
24442,7,0
24442,7,0
226171,6,0
89212,7,0
89212,7,0
155260,6,0
30844,0,0
45181,4,0
49789,5,1
116605,3,0
136573,4,0
78205,4,1
78205,4,1
78205,4,1
15229,0,0
282493,4,1
158590,4,0
60031,3,1
387967,3,0
331903,2,0
298880,6,0
376448,6,0
314240,6,0
206720,4,1
208256,6,0
129665,3,0
129665,3,0
129665,3,0
139649,3,0
208001,0,0
208001,0,0
222593,3,0
222593,3,0
222593,3,0
222593,3,0
222593,3,0
27521,3,0
27521,3,0
27521,3,0
379010,4,0
74882,5,0
217730,4,0
217730,4,0
306563,3,0
110723,5,0
205955,0,0
338819,6,0
338819,6,0
338819,6,0
357251,4,0
49796,4,1
336260,4,2
270980,3,0
413060,0,1
219524,5,0
351620,4,0
39557,3,0
125573,3,1
194693,5,0
194693,5,0
194693,5,0
194693,5,0
64133,3,2
21893,3,0
46982,6,1
46982,6,1
46982,6,1
86918,3,0
86918,3,0
86918,3,0
86918,3,0
86918,3,0
86918,3,0
86918,3,0
155270,6,0
155270,6,0
155270,6,0
155270,6,0
155270,6,0
100487,4,0
259463,3,0
333191,3,1
110984,0,0
255368,4,1
258440,0,0
204680,4,1
216200,4,0
216200,4,0
216200,4,0
216200,4,0
289160,4,0
298889,4,0
50057,6,0
312713,2,1
327305,4,2
138377,3,0
138377,3,0
289673,0,0
359561,0,0
379274,5,0
338570,4,0
131723,0,0
329867,3,0
329867,3,0
329867,3,0
329867,3,0
329867,3,0
275339,7,0
370316,3,0
323468,4,1
258188,4,0
2444,0,1
341132,2,0
218252,4,0
218252,4,0
218252,4,0
218252,4,0
194957,2,0
336269,2,1
216461,3,1
216461,3,1
172175,3,1
131471,5,1
141455,4,2
241553,3,1
241553,3,1
241553,3,1
241553,3,1
241553,3,1
241553,3,1
241553,3,1
241553,3,1
243089,3,0
50321,3,0
50321,3,0
50321,3,0
50321,3,0
50321,3,0
50321,3,0
50321,3,0
256145,0,0
128657,5,0
237458,4,1
179858,0,1
179858,0,1
384914,4,2
384914,4,2
384914,4,2
384914,4,2
384914,4,2
384914,4,2
69266,3,0
3986,0,1
286610,5,0
286610,5,0
286610,5,0
286610,5,0
286610,5,0
303251,3,1
242579,4,0
114836,4,0
114836,4,0
114836,4,0
114836,4,0
114836,4,0
114836,4,0
50324,2,0
50324,2,0
50324,2,0
320660,4,1
256916,3,1
256916,3,1
40853,0,1
368789,5,1
368789,5,1
127637,0,0
31637,6,0
273302,4,0
172439,5,0
45719,4,0
137111,4,1
276887,4,0
276887,4,0
276887,4,0
276887,4,0
276887,4,0
276887,4,0
281495,5,0
219287,4,0
229784,4,0
324248,3,0
408728,3,0
408728,3,0
278168,4,2
278168,4,2
344216,3,0
229016,6,1
256922,3,0
256922,3,0
256922,3,0
396698,3,1
396698,3,1
396698,3,1
396698,3,1
389531,6,0
389531,6,0
129947,3,0
357275,6,0
114332,3,0
419228,0,0
419228,0,0
38558,4,0
119966,0,0
382622,0,0
382622,0,0
252062,0,0
292511,3,0
118688,5,0
274592,4,1
24224,6,1
24224,6,1
24224,6,1
384929,5,0
384929,5,0
384929,5,0
262562,3,1
262562,3,1
23714,4,0
63395,5,1
203939,4,2
147107,5,0
69284,3,0
421796,4,0
310949,6,0
378533,6,0
133541,0,0
271013,3,0
142757,4,0
142757,4,0
142757,4,0
142757,4,0
142757,4,0
142757,4,0
142757,4,0
142757,4,0
197798,5,1
137894,4,0
137894,4,0
359846,4,0
6311,4,0
162983,5,0
297128,3,0
297128,3,0
125864,3,0
145064,2,1
145064,2,1
362153,2,1
117929,3,0
283049,0,0
355241,3,0
160937,6,1
30377,6,1
30377,6,1
30377,6,1
44714,3,0
44714,3,0
44714,3,0
200618,3,0
285098,3,0
250283,0,0
250283,0,0
250283,0,0
250283,0,0
204971,3,2
415403,4,1
95147,3,1
177836,3,0
177836,3,0
177836,3,0
177836,3,0
177836,3,0
177836,3,0
74156,4,0
74156,4,0
74156,4,0
361133,3,0
50093,4,0
50093,4,0
50093,4,0
50093,4,0
50093,4,0
5549,0,0
223661,4,0
96173,3,0
300974,2,0
300974,2,0
191150,3,0
236207,4,0
236207,4,0
236207,4,0
317615,5,0
317615,5,0
317615,5,0
317615,5,0
317615,5,0
317615,5,0
317615,5,0
317615,5,0
317615,5,0
317615,5,0
317615,5,0
317615,5,0
317615,5,0
317615,5,0
317615,5,0
336815,5,1
343727,4,0
157103,6,1
157103,6,1
358319,3,0
358319,3,0
113072,4,0
113072,4,0
120752,4,0
324272,4,1
324272,4,1
324272,4,1
205232,3,1
205232,3,1
192689,4,0
192689,4,0
16049,4,0
141746,2,1
92594,6,0
92594,6,0
92594,6,0
92594,6,0
345779,4,0
146612,3,1
92084,6,1
306869,7,1
113333,3,1
414389,0,0
94133,3,1
226229,3,0
63158,2,1
63158,2,1
63158,2,1
76982,0,0
76982,0,0
300215,4,1
106679,0,0
325559,4,0
392375,0,0
396983,5,0
401336,5,0
401336,5,0
276152,4,0
342200,0,0
235193,0,0
171449,4,1
82361,2,0
32441,6,0
32441,6,0
32441,6,0
297146,4,0
76730,2,0
20666,3,1
20666,3,1
20666,3,1
89018,0,0
89018,0,0
213947,3,0
410555,7,0
156347,3,0
371132,2,0
8636,5,0
336572,4,0
336572,4,0
271292,7,0
241853,5,0
241853,5,0
241853,5,0
244157,4,0
244157,4,0
244157,4,0
244157,4,0
244157,4,0
244157,4,0
251069,5,0
172478,5,0
336062,0,0
336062,0,0
111551,4,1
111551,4,1
202175,5,0
208319,7,0
78527,4,1
293567,5,0
152000,2,0
88256,7,1
88256,7,1
88256,7,1
88256,7,1
88256,7,1
88256,7,1
88256,7,1
88256,7,1
88256,7,1
88256,7,1
88256,7,1
88256,7,1
88256,7,1
88256,7,1
88256,7,1
88256,7,1
88256,7,1
88256,7,1
88256,7,1
88256,7,1
420032,3,0
92864,0,0
167105,0,0
286913,4,1
286913,4,1
384707,3,0
269507,7,1
243140,0,0
8900,3,1
8900,3,1
273092,6,0
11972,4,1
289220,0,0
95684,6,0
236741,6,0
236741,6,0
236741,6,0
236741,6,0
236741,6,0
236741,6,0
236741,6,0
236741,6,0
236741,6,0
236741,6,0
236741,6,0
253637,4,0
70853,3,1
256454,6,0
256454,6,0
125894,5,0
218822,3,0
224198,6,1
357830,3,0
357830,3,0
357830,3,0
357830,3,0
357830,3,0
357830,3,0
382151,4,0
390599,4,0
140231,4,2
140231,4,2
83399,0,0
83399,0,0
54728,3,1
72392,0,1
400328,5,2
400328,5,2
400328,5,2
400328,5,2
400328,5,2
152264,4,0
152264,4,0
82121,0,0
423113,3,0
321482,0,2
192458,3,0
241355,3,0
50123,4,0
272843,4,0
86987,4,1
290507,3,1
230348,4,0
310220,3,0
274637,4,1
88013,6,0
145358,0,1
145358,0,1
145358,0,1
145358,0,1
145358,0,1
145358,0,1
254927,3,1
264143,3,0
332495,5,0
338639,0,0
338639,0,0
338639,0,0
280271,3,0
294095,2,2
294095,2,2
294095,2,2
294095,2,2
294095,2,2
294095,2,2
231632,2,0
231632,2,0
231632,2,0
231632,2,0
170960,6,0
105680,2,0
194000,3,1
194000,3,1
65744,3,0
65744,3,0
331472,5,1
5840,5,0
273872,0,0
307409,5,0
307409,5,0
143057,3,0
143057,3,0
143057,3,0
143057,3,0
224210,0,0
389843,3,1
389843,3,1
389843,3,1
389843,3,1
325589,3,1
199637,6,0
361943,0,1
254168,4,0
86744,6,0
98522,0,0
98522,0,0
98522,0,0
98522,0,0
98522,0,0
387290,2,0
403418,2,0
163034,4,1
370907,4,0
370907,4,0
271835,6,0
143579,0,1
341723,2,0
341723,2,0
341723,2,0
341723,2,0
159707,4,0
102620,6,0
111068,4,1
141020,6,0
141020,6,0
141020,6,0
4061,4,0
4061,4,0
81629,4,1
81629,4,1
368606,0,0
368606,0,0
319454,0,1
319454,0,1
319454,0,1
319454,0,1
281822,2,0
46559,4,0
46559,4,0
46559,4,0
37856,6,0
37856,6,0
391904,4,0
391904,4,0
391904,4,0
391904,4,0
391904,4,0
205280,3,0
153824,3,0
153824,3,0
153824,3,0
153824,3,0
153824,3,0
153824,3,0
153824,3,0
153824,3,0
222176,2,1
233441,3,1
328673,4,0
334049,4,0
82913,2,0
416993,6,1
362978,4,1
362978,4,1
304610,8,1
304610,8,1
304610,8,1
304610,8,1
304610,8,1
304610,8,1
316130,2,0
255458,3,0
255458,3,0
255458,3,0
255458,3,0
256226,4,0
256226,4,0
260066,0,0
260066,0,0
260066,0,0
260066,0,0
260066,0,0
79586,4,0
120803,0,0
321251,2,0
383204,4,0
261092,6,0
392420,6,1
392420,6,1
330212,7,0
268772,3,0
305381,0,0
305381,0,0
7397,3,1
7397,3,1
7397,3,1
7397,3,1
395750,4,1
395750,4,1
414182,5,0
315623,3,0
113384,4,1
70376,3,1
70376,3,1
70376,3,1
70376,3,1
70376,3,1
70376,3,1
70376,3,1
70376,3,1
70376,3,1
340712,4,0
281576,2,0
255977,3,1
255977,3,1
193001,2,1
69353,0,0
203753,4,1
232682,4,1
232682,4,1
232682,4,1
232682,4,1
177386,4,1
191210,3,0
387818,4,1
343274,3,0
343274,3,0
343274,3,0
343274,3,0
95210,4,1
95210,4,1
95210,4,1
99563,3,0
99563,3,0
99563,3,0
99563,3,0
101099,3,0
101099,3,0
218348,0,0
218348,0,0
317165,6,1
407021,3,0
280301,5,0
223469,3,0
358637,3,2
246254,0,0
396782,3,1
396782,3,1
396782,3,1
396782,3,1
75758,2,1
75758,2,1
75758,2,1
75758,2,1
75758,2,1
75758,2,1
75758,2,1
347630,3,0
347630,3,0
166127,3,0
166127,3,0
298991,5,0
298991,5,0
298991,5,0
113135,6,0
344303,0,0
279023,3,0
345071,4,1
159983,3,0
358895,4,2
358895,4,2
358895,4,2
180464,0,0
383216,3,2
59888,0,0
205808,3,0
205808,3,0
205808,3,0
208880,0,0
344816,5,1
227312,3,1
227312,3,1
96752,0,0
301553,7,0
241649,3,0
260081,4,0
204017,2,0
204017,2,0
204017,2,0
204017,2,0
204017,2,0
204017,2,0
204017,2,0
196850,4,0
11762,4,1
32498,2,2
164597,0,0
186101,6,0
186101,6,0
76277,6,0
146165,2,0
325622,0,0
404726,2,0
37367,6,0
306167,5,2
239096,7,0
257528,5,0
257528,5,0
257528,5,0
257528,5,0
257528,5,0
257528,5,0
257528,5,0
273656,3,0
72953,7,0
41978,6,0
131066,5,1
88058,4,1
88058,4,1
30458,3,0
30458,3,0
30458,3,0
30458,3,0
359930,3,1
359930,3,1
114683,0,0
114683,0,0
114683,0,0
114683,0,0
114683,0,0
114683,0,0
116219,3,1
116219,3,1
216827,4,1
155387,2,0
309500,5,0
377084,4,2
56060,4,1
56060,4,1
213500,4,0
184061,3,1
121085,5,0
121085,5,0
121085,5,0
121085,5,0
206333,5,1
206333,5,1
345086,4,2
150782,4,1
236543,3,0
370175,0,1
383231,0,0
406271,2,1
360191,0,0
360191,0,0
374528,2,0
276224,3,0
163841,6,0
382721,3,0
382721,3,0
385025,5,0
385025,5,0
385025,5,0
385025,5,0
385025,5,0
385025,5,0
385025,5,0
126209,5,0
297218,0,0
66818,6,1
66818,6,1
26114,5,0
306179,4,1
20483,4,0
20483,4,0
298244,6,0
249860,4,1
2564,4,0
2564,4,0
138500,3,0
201221,3,1
215813,3,0
172550,4,1
246278,3,0
246278,3,0
118790,0,0
401414,0,1
139271,3,1
207623,5,0
207623,5,0
207623,5,0
207623,5,0
42248,4,0
13832,2,0
13832,2,0
295433,4,0
295433,4,0
295433,4,0
295433,4,0
295433,4,0
250121,4,2
67337,4,0
351497,5,0
351497,5,0
351497,5,0
351497,5,0
351497,5,0
351497,5,0
205322,5,1
29450,6,0
29450,6,0
29450,6,0
162314,6,0
387083,3,0
387083,3,0
387083,3,0
410891,3,1
410891,3,1
218891,0,1
218891,0,1
218891,0,1
218891,0,1
218891,0,1
227339,3,1
361484,4,0
366605,3,0
272909,4,0
272909,4,0
419597,2,1
70670,2,2
81422,4,1
81422,4,1
81422,4,1
281102,4,1
164879,3,0
302864,6,0
280592,2,0
280592,2,0
280592,2,0
280592,2,0
280592,2,0
20240,0,0
20240,0,0
20240,0,0
20240,0,0
413456,2,0
292112,5,0
53009,7,0
187409,3,0
304658,4,1
67346,0,0
263954,3,0
263954,3,0
289298,3,1
244499,4,1
244499,4,1
244499,4,1
51731,6,0
379667,3,0
62483,3,0
4115,4,1
4115,4,1
210707,0,0
349715,2,0
420371,2,0
420371,2,0
420371,2,0
420371,2,0
119573,3,1
319253,4,0
279317,3,0
214805,4,1
24341,6,0
161045,0,0
261398,3,0
332822,3,0
14870,4,0
274199,3,0
274199,3,0
274199,3,0
274199,3,0
274199,3,0
274199,3,0
287255,2,1
287255,2,1
223511,5,1
223511,5,1
223511,5,1
223511,5,1
223511,5,1
223511,5,1
38936,3,0
38936,3,0
38936,3,0
378392,3,1
378392,3,1
356120,3,1
309785,0,0
392729,3,0
392729,3,0
392729,3,0
392729,3,0
137753,3,2
275993,3,0
40730,4,0
3098,4,1
3098,4,1
3098,4,1
274970,3,0
274970,3,0
274970,3,0
274970,3,0
107291,4,0
107291,4,0
107291,4,0
107291,4,0
52763,7,1
64283,6,0
64283,6,0
197915,3,0
157979,3,1
252956,3,1
252956,3,1
252956,3,1
391196,2,1
391196,2,1
391196,2,1
391196,2,1
202268,0,0
202268,0,0
415772,3,0
320285,3,0
252446,3,1
323870,5,2
323870,5,2
194846,4,0
275999,6,0
122912,4,0
271904,4,0
271904,4,0
150560,2,1
150560,2,1
184097,4,0
244514,6,0
355106,5,1
355106,5,1
355106,5,1
355106,5,1
355106,5,1
355106,5,1
355106,5,1
77603,6,0
291875,3,1
396068,5,0
345380,7,0
168485,6,0
380453,3,2
380453,3,2
380453,3,2
332069,4,1
332069,4,1
154661,0,0
225317,3,1
263462,3,0
4646,0,1
340262,3,1
340262,3,1
302888,5,0
253481,8,1
72233,2,1
268586,2,0
137771,3,0
418859,5,1
418859,5,1
192812,0,0
166445,4,0
46637,3,0
128813,3,0
396845,3,0
412205,0,0
145454,2,0
356654,0,0
62255,3,0
62255,3,0
199727,0,0
368432,6,0
48944,0,0
51248,3,0
122672,0,0
58928,6,1
65072,0,1
276272,4,0
349232,4,0
286256,0,0
27440,3,1
331313,4,0
331313,4,0
331313,4,0
293681,3,0
207410,0,0
33587,6,0
166451,4,0
235571,5,0
235571,5,0
235571,5,0
235571,5,0
40499,5,0
381491,0,0
257075,2,0
257075,2,0
257075,2,0
257075,2,0
118580,3,0
8756,0,0
275252,6,1
308021,3,0
308021,3,0
821,3,2
821,3,2
143669,8,0
143669,8,0
19253,0,0
124982,4,0
2102,2,2
215606,5,0
107063,5,1
50231,2,1
3383,3,0
26423,4,1
171320,5,0
255032,0,0
255032,0,0
255032,0,0
255032,0,0
255032,0,0
255032,0,0
255032,0,0
255032,0,0
132152,4,2
132152,4,2
200504,4,0
26936,7,1
26936,7,1
26936,7,1
26936,7,1
26936,7,1
26936,7,1
238649,5,0
223802,6,0
40763,5,0
10043,2,0
363068,2,1
311612,3,1
181820,4,1
383804,4,1
383804,4,1
383804,4,1
383804,4,1
124988,0,2
194876,5,1
405308,3,0
405308,3,0
405308,3,0
405308,3,0
405308,3,0
49469,5,1
49469,5,1
283709,2,1
283709,2,1
288317,4,0
223037,3,0
379454,3,0
143678,7,0
342590,6,0
58943,4,1
195647,0,0
340031,5,0
340031,5,0
340031,5,0
340031,5,0
344639,4,1
96575,0,0
176960,2,0
176960,2,0
176960,2,0
176960,2,0
119360,2,1
382784,4,0
195392,0,0
49217,4,0
339521,3,1
14657,6,0
191810,0,0
325442,0,1
195650,0,0
195650,0,0
405314,0,0
148802,4,0
25154,4,2
420674,5,0
94274,5,1
94274,5,1
94274,5,1
94274,5,1
94274,5,1
94274,5,1
94274,5,1
94274,5,1
112451,4,0
415043,7,0
415043,7,0
415043,7,0
365381,0,0
342341,6,0
342341,6,0
280133,2,1
280133,2,1
280133,2,1
41030,7,0
41030,7,0
43847,7,1
116039,5,0
410183,0,1
84551,5,0
84551,5,0
84551,5,0
95303,5,2
173384,3,0
15176,6,0
413768,4,0
96584,4,0
368201,0,0
372041,3,0
219977,3,0
219977,3,0
401738,2,0
159563,0,1
200012,3,0
408908,5,0
408908,5,0
408908,5,0
408908,5,0
408908,5,0
408908,5,0
162380,4,1
162380,4,1
98381,4,0
371021,7,0
145997,0,0
145997,0,0
145997,0,0
20045,5,0
20045,5,0
51278,2,1
131150,2,1
131150,2,1
131150,2,1
131150,2,1
131150,2,1
372815,6,0
309071,3,0
341327,0,1
341327,0,1
341327,0,1
341327,0,1
279887,3,0
279887,3,0
217679,6,0
113744,4,0
113744,4,0
193616,5,0
346448,5,0
29264,4,0
29264,4,0
29264,4,0
29264,4,0
390482,5,0
158546,3,0
158546,3,0
86099,5,0
199508,6,1
199508,6,1
199508,6,1
369749,4,1
249173,0,0
272981,6,0
77909,4,0
375638,3,0
384086,2,1
212822,0,0
150614,3,0
150614,3,0
150614,3,0
402263,0,0
374360,0,0
332888,5,1
332888,5,1
332888,5,1
332888,5,1
332888,5,1
146264,3,0
366425,3,0
112730,3,0
330842,4,0
330842,4,0
330842,4,0
330842,4,0
279386,2,0
279386,2,0
166235,4,0
55643,3,2
55643,3,2
55643,3,2
167516,5,0
167516,5,0
167516,5,0
45404,4,1
397916,3,0
397916,3,0
397916,3,0
397916,3,0
397916,3,0
397916,3,0
397916,3,0
397916,3,0
397916,3,0
397916,3,0
397916,3,0
185693,4,1
185693,4,1
185693,4,1
185693,4,1
185693,4,1
188765,0,0
130397,6,0
267869,4,0
167774,3,0
377438,4,0
423518,0,0
292703,5,0
247136,4,0
608,3,0
608,3,0
608,3,0
608,3,0
608,3,0
259169,4,0
259169,4,0
393569,6,2
185186,6,0
185186,6,0
185186,6,0
185186,6,0
185186,6,0
185186,6,0
185186,6,0
185186,6,0
185186,6,0
185186,6,0
73826,3,1
246371,3,0
246371,3,0
235364,3,0
383588,0,0
204644,3,1
10340,0,0
89444,3,0
372581,3,0
270437,3,1
270437,3,1
270437,3,1
270437,3,1
270437,3,1
270437,3,1
270437,3,1
270437,3,1
270437,3,1
270437,3,1
270437,3,1
270437,3,1
270437,3,1
79205,6,0
146789,4,0
146789,4,0
345701,3,1
287333,4,1
287333,4,1
125030,0,1
151910,5,0
283238,4,0
119399,3,0
127079,5,1
127079,5,1
127079,5,1
329831,3,1
233576,4,0
233576,4,0
38504,3,0
117608,8,1
374633,4,0
311657,5,0
311657,5,0
181865,2,1
349289,4,0
349289,4,0
48746,2,1
180074,3,0
246890,2,0
251498,3,1
251498,3,1
276842,6,1
182123,3,0
157547,0,0
293483,5,0
184940,3,0
219500,5,0
219500,5,0
352364,2,0
422252,4,0
422252,4,0
422252,4,0
422252,4,0
422252,4,0
422252,4,0
422252,4,0
422252,4,0
422252,4,0
98156,0,0
174701,5,0
44141,3,0
44141,3,0
64109,3,0
71021,5,0
98414,5,2
188270,3,1
324974,4,0
63854,5,0
307823,4,1
307823,4,1
307823,4,1
247151,7,0
247151,7,0
199535,6,0
199535,6,0
64880,0,0
29552,4,0
331121,4,1
348785,2,0
290162,5,0
293234,3,0
98675,3,1
402803,3,0
418931,2,1
380276,3,0
380276,3,0
380276,3,0
380276,3,0
120437,0,1
188021,5,0
286325,0,0
253046,4,0
253046,4,0
207734,4,1
207734,4,1
41591,3,0
41591,3,0
115319,3,1
192887,3,1
272759,3,0
272759,3,0
363641,4,0
369530,3,0
369530,3,0
44666,8,0
44666,8,0
50042,6,0
397946,3,0
142970,3,0
142970,3,0
149882,4,0
304763,2,0
304763,2,0
304763,2,0
304763,2,0
226427,0,1
226427,0,1
226427,0,1
226427,0,1
105596,0,0
302972,5,1
302972,5,1
302972,5,1
302972,5,1
302972,5,1
311420,3,0
120956,0,0
140669,6,0
140669,6,0
140669,6,0
285821,0,0
157310,3,1
187007,0,1
138623,2,1
401279,6,0
340607,6,1
340607,6,1
340607,6,1
340607,6,1
293759,3,1
